# Blender 4.1.1
# www.blender.org
mtllib title.mtl
o a
v -20.475002 3.900000 -2.100000
v -20.563240 4.003710 -2.100000
v -20.657593 4.099676 -2.100000
v -20.757500 4.187656 -2.100000
v -20.862406 4.267407 -2.100000
v -20.971758 4.338686 -2.100000
v -21.084999 4.401250 -2.100000
v -21.201574 4.454855 -2.100000
v -21.320927 4.499259 -2.100000
v -21.442501 4.534219 -2.100000
v -21.565742 4.559491 -2.100000
v -21.690094 4.574832 -2.100000
v -21.815002 4.580000 -2.100000
v -22.023668 4.567877 -2.100000
v -22.223476 4.531343 -2.100000
v -22.412663 4.470157 -2.100000
v -22.589451 4.384074 -2.100000
v -22.752071 4.272853 -2.100000
v -22.898754 4.136250 -2.100000
v -23.027729 3.974022 -2.100000
v -23.137226 3.785926 -2.100000
v -23.225471 3.571719 -2.100000
v -23.290699 3.331157 -2.100000
v -23.331131 3.063999 -2.100000
v -23.345003 2.770000 -2.100000
v -23.345003 -0.000000 -2.100000
v -22.455002 -0.000000 -2.100000
v -22.455002 2.780000 -2.100000
v -22.447996 2.940093 -2.100000
v -22.427313 3.089907 -2.100000
v -22.393436 3.228750 -2.100000
v -22.346851 3.355926 -2.100000
v -22.288044 3.470741 -2.100000
v -22.217501 3.572500 -2.100000
v -22.135706 3.660509 -2.100000
v -22.043148 3.734074 -2.100000
v -21.940311 3.792500 -2.100000
v -21.827686 3.835093 -2.100000
v -21.705753 3.861158 -2.100000
v -21.575003 3.870000 -2.100000
v -21.479061 3.866187 -2.100000
v -21.385792 3.854491 -2.100000
v -21.294535 3.834532 -2.100000
v -21.204632 3.805926 -2.100000
v -21.115425 3.768293 -2.100000
v -21.026251 3.721250 -2.100000
v -20.936453 3.664416 -2.100000
v -20.845371 3.597408 -2.100000
v -20.752344 3.519844 -2.100000
v -20.656715 3.431343 -2.100000
v -20.557821 3.331522 -2.100000
v -20.455002 3.220000 -2.100000
v -20.455002 -0.000000 -2.100000
v -19.565002 -0.000000 -2.100000
v -19.565002 4.490000 -2.100000
v -20.455002 4.490000 -2.100000
v -20.455002 3.900000 -2.100000
v -18.574688 1.944872 -2.100000
v -18.515001 1.620648 -2.100000
v -18.417814 1.319062 -2.100000
v -18.285002 1.041852 -2.100000
v -18.118439 0.790752 -2.100000
v -17.920002 0.567500 -2.100000
v -17.691565 0.373831 -2.100000
v -17.435001 0.211481 -2.100000
v -17.152191 0.082187 -2.100000
v -16.845001 -0.012315 -2.100000
v -16.515314 -0.070290 -2.100000
v -16.165001 -0.090000 -2.100000
v -15.828474 -0.069526 -2.100000
v -15.510279 -0.009538 -2.100000
v -15.212502 0.087812 -2.100000
v -14.937223 0.220370 -2.100000
v -14.686528 0.385983 -2.100000
v -14.462501 0.582500 -2.100000
v -14.267223 0.807766 -2.100000
v -14.102778 1.059629 -2.100000
v -13.971251 1.335937 -2.100000
v -13.874723 1.634537 -2.100000
v -13.815279 1.953275 -2.100000
v -13.795002 2.290000 -2.100000
v -13.816043 2.606048 -2.100000
v -13.877501 2.907547 -2.100000
v -13.976877 3.192032 -2.100000
v -14.111668 3.457038 -2.100000
v -14.279376 3.700099 -2.100000
v -14.477501 3.918751 -2.100000
v -14.703543 4.110528 -2.100000
v -14.955002 4.272964 -2.100000
v -15.229377 4.403594 -2.100000
v -15.524168 4.499954 -2.100000
v -15.836877 4.559578 -2.100000
v -16.165001 4.580000 -2.100000
v -16.509012 4.560343 -2.100000
v -16.834585 4.502733 -2.100000
v -17.139532 4.409220 -2.100000
v -17.421667 4.281853 -2.100000
v -17.678802 4.122680 -2.100000
v -17.908751 3.933751 -2.100000
v -18.109324 3.717113 -2.100000
v -18.278334 3.474815 -2.100000
v -18.413595 3.208907 -2.100000
v -18.512918 2.921436 -2.100000
v -18.574116 2.614450 -2.100000
v -18.595001 2.290000 -2.100000
v -14.717108 2.059346 -2.100000
v -14.752687 1.843102 -2.100000
v -14.810627 1.642344 -2.100000
v -14.889816 1.458148 -2.100000
v -14.989145 1.291591 -2.100000
v -15.107502 1.143750 -2.100000
v -15.243774 1.015700 -2.100000
v -15.396853 0.908518 -2.100000
v -15.565626 0.823281 -2.100000
v -15.748983 0.761065 -2.100000
v -15.945812 0.722945 -2.100000
v -16.155003 0.710000 -2.100000
v -16.382572 0.722367 -2.100000
v -16.594725 0.758935 -2.100000
v -16.790627 0.818906 -2.100000
v -16.969448 0.901482 -2.100000
v -17.130350 1.005862 -2.100000
v -17.272503 1.131250 -2.100000
v -17.395073 1.276846 -2.100000
v -17.497225 1.441852 -2.100000
v -17.578127 1.625469 -2.100000
v -17.636946 1.826898 -2.100000
v -17.672848 2.045341 -2.100000
v -17.685001 2.280000 -2.100000
v -17.671894 2.492275 -2.100000
v -17.633474 2.693195 -2.100000
v -17.571095 2.881407 -2.100000
v -17.486113 3.055556 -2.100000
v -17.379879 3.214289 -2.100000
v -17.253752 3.356251 -2.100000
v -17.109081 3.480087 -2.100000
v -16.947224 3.584445 -2.100000
v -16.769533 3.667969 -2.100000
v -16.577362 3.729306 -2.100000
v -16.372068 3.767101 -2.100000
v -16.155003 3.780000 -2.100000
v -15.950013 3.767107 -2.100000
v -15.755928 3.729352 -2.100000
v -15.574064 3.668126 -2.100000
v -15.405742 3.584815 -2.100000
v -15.252281 3.480811 -2.100000
v -15.115002 3.357501 -2.100000
v -14.995221 3.216274 -2.100000
v -14.894260 3.058519 -2.100000
v -14.813438 2.885625 -2.100000
v -14.754075 2.698982 -2.100000
v -14.717489 2.499977 -2.100000
v -14.705001 2.290000 -2.100000
v -12.273651 5.324889 -2.100000
v -12.205047 5.339120 -2.100000
v -12.139844 5.362031 -2.100000
v -12.078704 5.392962 -2.100000
v -12.022285 5.431256 -2.100000
v -11.971250 5.476250 -2.100000
v -11.926255 5.527286 -2.100000
v -11.887962 5.583704 -2.100000
v -11.857032 5.644844 -2.100000
v -11.834121 5.710046 -2.100000
v -11.819891 5.778652 -2.100000
v -11.815001 5.850000 -2.100000
v -11.819892 5.921348 -2.100000
v -11.834122 5.989953 -2.100000
v -11.857033 6.055156 -2.100000
v -11.887964 6.116296 -2.100000
v -11.926256 6.172714 -2.100000
v -11.971251 6.223750 -2.100000
v -12.022286 6.268744 -2.100000
v -12.078705 6.307037 -2.100000
v -12.139845 6.337969 -2.100000
v -12.205048 6.360879 -2.100000
v -12.273653 6.375110 -2.100000
v -12.345000 6.380000 -2.100000
v -12.416349 6.375112 -2.100000
v -12.484955 6.360881 -2.100000
v -12.550158 6.337970 -2.100000
v -12.611298 6.307038 -2.100000
v -12.667715 6.268745 -2.100000
v -12.718752 6.223751 -2.100000
v -12.763746 6.172715 -2.100000
v -12.802038 6.116297 -2.100000
v -12.832970 6.055157 -2.100000
v -12.855881 5.989954 -2.100000
v -12.870111 5.921349 -2.100000
v -12.875000 5.850000 -2.100000
v -12.870110 5.778652 -2.100000
v -12.855879 5.710047 -2.100000
v -12.832968 5.644844 -2.100000
v -12.802037 5.583704 -2.100000
v -12.763744 5.527287 -2.100000
v -12.718750 5.476251 -2.100000
v -12.667714 5.431256 -2.100000
v -12.611296 5.392963 -2.100000
v -12.550156 5.362031 -2.100000
v -12.484953 5.339121 -2.100000
v -12.416348 5.324890 -2.100000
v -12.345000 5.320000 -2.100000
v -11.895000 -0.000000 -2.100000
v -11.895000 4.490000 -2.100000
v -12.785001 4.490000 -2.100000
v -12.785001 -0.000000 -2.100000
v -11.005001 4.490000 -2.100000
v -11.005001 3.690000 -2.100000
v -9.585001 3.690000 -2.100000
v -9.585001 1.390000 -2.100000
v -9.592629 1.265284 -2.100000
v -9.614354 1.155602 -2.100000
v -9.648439 1.060156 -2.100000
v -9.693150 0.978148 -2.100000
v -9.746750 0.908779 -2.100000
v -9.807502 0.851250 -2.100000
v -9.873671 0.804763 -2.100000
v -9.943520 0.768518 -2.100000
v -10.015314 0.741719 -2.100000
v -10.087317 0.723565 -2.100000
v -10.157790 0.713258 -2.100000
v -10.225000 0.710000 -2.100000
v -10.305219 0.712292 -2.100000
v -10.385924 0.719167 -2.100000
v -10.467186 0.730625 -2.100000
v -10.549073 0.746667 -2.100000
v -10.631655 0.767292 -2.100000
v -10.714999 0.792500 -2.100000
v -10.799178 0.822292 -2.100000
v -10.884258 0.856667 -2.100000
v -10.970312 0.895625 -2.100000
v -11.057407 0.939166 -2.100000
v -11.145615 0.987292 -2.100000
v -11.235001 1.040000 -2.100000
v -11.235001 0.210000 -2.100000
v -11.154166 0.168385 -2.100000
v -11.067500 0.128750 -2.100000
v -10.976250 0.091406 -2.100000
v -10.881667 0.056667 -2.100000
v -10.785000 0.024844 -2.100000
v -10.687500 -0.003750 -2.100000
v -10.590418 -0.028802 -2.100000
v -10.495001 -0.050000 -2.100000
v -10.402500 -0.067031 -2.100000
v -10.314168 -0.079583 -2.100000
v -10.231251 -0.087344 -2.100000
v -10.155001 -0.090000 -2.100000
v -9.922506 -0.077726 -2.100000
v -9.710047 -0.041806 -2.100000
v -9.517656 0.016406 -2.100000
v -9.345370 0.095555 -2.100000
v -9.193224 0.194288 -2.100000
v -9.061251 0.311250 -2.100000
v -8.949486 0.445087 -2.100000
v -8.857964 0.594444 -2.100000
v -8.786719 0.757968 -2.100000
v -8.735788 0.934305 -2.100000
v -8.705204 1.122100 -2.100000
v -8.695001 1.320000 -2.100000
v -8.695001 3.690000 -2.100000
v -7.915001 3.690000 -2.100000
v -7.915001 3.790000 -2.100000
v -9.585001 5.420001 -2.100000
v -9.585001 4.490000 -2.100000
v -6.753652 5.324889 -2.100000
v -6.685047 5.339120 -2.100000
v -6.619844 5.362031 -2.100000
v -6.558704 5.392962 -2.100000
v -6.502286 5.431256 -2.100000
v -6.451250 5.476250 -2.100000
v -6.406256 5.527286 -2.100000
v -6.367963 5.583704 -2.100000
v -6.337031 5.644844 -2.100000
v -6.314120 5.710046 -2.100000
v -6.299890 5.778652 -2.100000
v -6.295000 5.850000 -2.100000
v -6.299889 5.921348 -2.100000
v -6.314120 5.989953 -2.100000
v -6.337030 6.055156 -2.100000
v -6.367962 6.116296 -2.100000
v -6.406255 6.172714 -2.100000
v -6.451250 6.223750 -2.100000
v -6.502285 6.268744 -2.100000
v -6.558703 6.307037 -2.100000
v -6.619843 6.337969 -2.100000
v -6.685046 6.360879 -2.100000
v -6.753652 6.375110 -2.100000
v -6.825000 6.380000 -2.100000
v -6.896348 6.375112 -2.100000
v -6.964953 6.360881 -2.100000
v -7.030156 6.337970 -2.100000
v -7.091296 6.307038 -2.100000
v -7.147713 6.268745 -2.100000
v -7.198749 6.223751 -2.100000
v -7.243743 6.172715 -2.100000
v -7.282037 6.116297 -2.100000
v -7.312968 6.055157 -2.100000
v -7.335879 5.989954 -2.100000
v -7.350110 5.921349 -2.100000
v -7.355000 5.850000 -2.100000
v -7.350111 5.778652 -2.100000
v -7.335880 5.710047 -2.100000
v -7.312970 5.644844 -2.100000
v -7.282038 5.583704 -2.100000
v -7.243745 5.527287 -2.100000
v -7.198750 5.476251 -2.100000
v -7.147715 5.431256 -2.100000
v -7.091297 5.392963 -2.100000
v -7.030157 5.362031 -2.100000
v -6.964954 5.339121 -2.100000
v -6.896348 5.324890 -2.100000
v -6.825000 5.320000 -2.100000
v -6.375000 -0.000000 -2.100000
v -6.375000 4.490000 -2.100000
v -7.265000 4.490000 -2.100000
v -7.265000 -0.000000 -2.100000
v -3.245000 -0.000000 -2.100000
v -2.920614 0.018738 -2.100000
v -2.618241 0.074074 -2.100000
v -2.339063 0.164687 -2.100000
v -2.084260 0.289259 -2.100000
v -1.855012 0.446470 -2.100000
v -1.652500 0.635000 -2.100000
v -1.477905 0.853530 -2.100000
v -1.332407 1.100741 -2.100000
v -1.217188 1.375312 -2.100000
v -1.133426 1.675926 -2.100000
v -1.082303 2.001262 -2.100000
v -1.065000 2.350000 -2.100000
v -1.084057 2.666967 -2.100000
v -1.139954 2.966574 -2.100000
v -1.230781 3.246875 -2.100000
v -1.354630 3.505926 -2.100000
v -1.509589 3.741783 -2.100000
v -1.693750 3.952500 -2.100000
v -1.905203 4.136135 -2.100000
v -2.142037 4.290741 -2.100000
v -2.402344 4.414375 -2.100000
v -2.684213 4.505093 -2.100000
v -2.985735 4.560949 -2.100000
v -3.305000 4.580000 -2.100000
v -3.379642 4.578941 -2.100000
v -3.453796 4.575695 -2.100000
v -3.527813 4.570157 -2.100000
v -3.602037 4.562222 -2.100000
v -3.676817 4.551788 -2.100000
v -3.752500 4.538750 -2.100000
v -3.829433 4.523004 -2.100000
v -3.907963 4.504445 -2.100000
v -3.988438 4.482969 -2.100000
v -4.071204 4.458472 -2.100000
v -4.156609 4.430851 -2.100000
v -4.245000 4.400000 -2.100000
v -4.245000 6.820001 -2.100000
v -5.135000 6.820001 -2.100000
v -5.135000 -0.000000 -2.100000
v -4.171377 3.638554 -2.100000
v -4.100185 3.664260 -2.100000
v -4.030938 3.687188 -2.100000
v -3.963148 3.707408 -2.100000
v -3.896331 3.724989 -2.100000
v -3.830000 3.740000 -2.100000
v -3.763669 3.752512 -2.100000
v -3.696852 3.762593 -2.100000
v -3.629063 3.770313 -2.100000
v -3.559815 3.775741 -2.100000
v -3.488623 3.778947 -2.100000
v -3.415000 3.780000 -2.100000
v -3.206007 3.767257 -2.100000
v -3.009722 3.729722 -2.100000
v -2.827188 3.668437 -2.100000
v -2.659445 3.584445 -2.100000
v -2.507535 3.478785 -2.100000
v -2.372500 3.352500 -2.100000
v -2.255382 3.206632 -2.100000
v -2.157222 3.042222 -2.100000
v -2.079063 2.860313 -2.100000
v -2.021945 2.661945 -2.100000
v -1.986910 2.448160 -2.100000
v -1.975000 2.220000 -2.100000
v -1.982285 2.014618 -2.100000
v -2.004953 1.819445 -2.100000
v -2.044218 1.635938 -2.100000
v -2.101296 1.465556 -2.100000
v -2.177401 1.309757 -2.100000
v -2.273750 1.170000 -2.100000
v -2.391557 1.047743 -2.100000
v -2.532037 0.944444 -2.100000
v -2.696406 0.861562 -2.100000
v -2.885880 0.800556 -2.100000
v -3.101673 0.762882 -2.100000
v -3.345000 0.750000 -2.100000
v -4.245000 0.750000 -2.100000
v -4.245000 3.610000 -2.100000
v 2.855000 3.900000 -2.100000
v 2.766759 4.003710 -2.100000
v 2.672408 4.099676 -2.100000
v 2.572500 4.187656 -2.100000
v 2.467593 4.267407 -2.100000
v 2.358241 4.338686 -2.100000
v 2.245000 4.401250 -2.100000
v 2.128426 4.454855 -2.100000
v 2.009074 4.499259 -2.100000
v 1.887500 4.534219 -2.100000
v 1.764259 4.559491 -2.100000
v 1.639907 4.574832 -2.100000
v 1.515000 4.580000 -2.100000
v 1.306337 4.567877 -2.100000
v 1.106528 4.531343 -2.100000
v 0.917344 4.470157 -2.100000
v 0.740555 4.384074 -2.100000
v 0.577934 4.272853 -2.100000
v 0.431250 4.136250 -2.100000
v 0.302274 3.974022 -2.100000
v 0.192778 3.785926 -2.100000
v 0.104531 3.571719 -2.100000
v 0.039305 3.331157 -2.100000
v -0.001129 3.063999 -2.100000
v -0.015000 2.770000 -2.100000
v -0.015000 -0.000000 -2.100000
v 0.875000 -0.000000 -2.100000
v 0.875000 2.780000 -2.100000
v 0.882002 2.940093 -2.100000
v 0.902685 3.089907 -2.100000
v 0.936562 3.228750 -2.100000
v 0.983148 3.355926 -2.100000
v 1.041956 3.470741 -2.100000
v 1.112500 3.572500 -2.100000
v 1.194294 3.660509 -2.100000
v 1.286852 3.734074 -2.100000
v 1.389687 3.792500 -2.100000
v 1.502315 3.835093 -2.100000
v 1.624247 3.861158 -2.100000
v 1.755000 3.870000 -2.100000
v 1.850943 3.866187 -2.100000
v 1.944213 3.854491 -2.100000
v 2.035469 3.834532 -2.100000
v 2.125370 3.805926 -2.100000
v 2.214577 3.768293 -2.100000
v 2.303750 3.721250 -2.100000
v 2.393548 3.664416 -2.100000
v 2.484630 3.597408 -2.100000
v 2.577656 3.519844 -2.100000
v 2.673287 3.431343 -2.100000
v 2.772182 3.331522 -2.100000
v 2.875000 3.220000 -2.100000
v 2.875000 -0.000000 -2.100000
v 3.765000 -0.000000 -2.100000
v 3.765000 4.490000 -2.100000
v 2.875000 4.490000 -2.100000
v 2.875000 3.900000 -2.100000
v 4.919146 0.353947 -2.100000
v 5.052317 0.275741 -2.100000
v 5.185627 0.205312 -2.100000
v 5.320187 0.142593 -2.100000
v 5.457108 0.087512 -2.100000
v 5.597501 0.040000 -2.100000
v 5.742478 -0.000012 -2.100000
v 5.893149 -0.032593 -2.100000
v 6.050626 -0.057813 -2.100000
v 6.216020 -0.075741 -2.100000
v 6.390440 -0.086447 -2.100000
v 6.575001 -0.090000 -2.100000
v 6.911992 -0.066655 -2.100000
v 7.222593 0.000926 -2.100000
v 7.506251 0.109063 -2.100000
v 7.762408 0.254074 -2.100000
v 7.990510 0.432280 -2.100000
v 8.190001 0.640000 -2.100000
v 8.360325 0.873553 -2.100000
v 8.500927 1.129259 -2.100000
v 8.611251 1.403437 -2.100000
v 8.690741 1.692407 -2.100000
v 8.738843 1.992488 -2.100000
v 8.755001 2.300000 -2.100000
v 8.737362 2.630555 -2.100000
v 8.685556 2.941111 -2.100000
v 8.601252 3.230000 -2.100000
v 8.486113 3.495555 -2.100000
v 8.341806 3.736111 -2.100000
v 8.170001 3.950000 -2.100000
v 7.972362 4.135556 -2.100000
v 7.750556 4.291111 -2.100000
v 7.506251 4.415000 -2.100000
v 7.241112 4.505556 -2.100000
v 6.956806 4.561111 -2.100000
v 6.655001 4.580000 -2.100000
v 6.366651 4.563102 -2.100000
v 6.097362 4.512315 -2.100000
v 5.848282 4.427500 -2.100000
v 5.620556 4.308519 -2.100000
v 5.415330 4.155231 -2.100000
v 5.233751 3.967500 -2.100000
v 5.076962 3.745185 -2.100000
v 4.946112 3.488148 -2.100000
v 4.842344 3.196250 -2.100000
v 4.766807 2.869352 -2.100000
v 4.720643 2.507315 -2.100000
v 4.705001 2.110000 -2.100000
v 7.865001 2.110000 -2.100000
v 7.822304 1.896476 -2.100000
v 7.764259 1.700972 -2.100000
v 7.690938 1.523594 -2.100000
v 7.602408 1.364444 -2.100000
v 7.498739 1.223628 -2.100000
v 7.380000 1.101250 -2.100000
v 7.246262 0.997413 -2.100000
v 7.097593 0.912222 -2.100000
v 6.934063 0.845781 -2.100000
v 6.755741 0.798194 -2.100000
v 6.562697 0.769566 -2.100000
v 6.355000 0.760000 -2.100000
v 6.220602 0.764132 -2.100000
v 6.087315 0.776389 -2.100000
v 5.955000 0.796562 -2.100000
v 5.823519 0.824444 -2.100000
v 5.692732 0.859826 -2.100000
v 5.562500 0.902500 -2.100000
v 5.432686 0.952257 -2.100000
v 5.303149 1.008889 -2.100000
v 5.173750 1.072187 -2.100000
v 5.044353 1.141944 -2.100000
v 4.914815 1.217951 -2.100000
v 4.785001 1.300000 -2.100000
v 4.785001 0.440000 -2.100000
v 5.599931 2.864687 -2.100000
v 5.629445 3.018333 -2.100000
v 5.673125 3.160312 -2.100000
v 5.730556 3.290000 -2.100000
v 5.801320 3.406770 -2.100000
v 5.885001 3.510000 -2.100000
v 5.981181 3.599062 -2.100000
v 6.089445 3.673333 -2.100000
v 6.209376 3.732188 -2.100000
v 6.340556 3.775000 -2.100000
v 6.482570 3.801146 -2.100000
v 6.635001 3.810000 -2.100000
v 6.799364 3.801720 -2.100000
v 6.952407 3.777084 -2.100000
v 7.094063 3.736407 -2.100000
v 7.224259 3.680001 -2.100000
v 7.342929 3.608178 -2.100000
v 7.450001 3.521250 -2.100000
v 7.545405 3.419532 -2.100000
v 7.629075 3.303334 -2.100000
v 7.700938 3.172969 -2.100000
v 7.760926 3.028750 -2.100000
v 7.808971 2.870990 -2.100000
v 7.845001 2.700000 -2.100000
v 5.585001 2.700000 -2.100000
v 13.595000 -2.300000 -2.100000
v 13.595000 4.490000 -2.100000
v 12.055001 4.490000 -2.100000
v 11.660708 4.473403 -2.100000
v 11.298150 4.423889 -2.100000
v 10.967813 4.341875 -2.100000
v 10.670186 4.227778 -2.100000
v 10.405754 4.082014 -2.100000
v 10.175001 3.905000 -2.100000
v 9.978415 3.697153 -2.100000
v 9.816483 3.458889 -2.100000
v 9.689689 3.190625 -2.100000
v 9.598520 2.892778 -2.100000
v 9.543462 2.565764 -2.100000
v 9.525002 2.210000 -2.100000
v 9.544463 1.881152 -2.100000
v 9.601529 1.570880 -2.100000
v 9.694221 1.281094 -2.100000
v 9.820558 1.013704 -2.100000
v 9.978560 0.770619 -2.100000
v 10.166252 0.553750 -2.100000
v 10.381651 0.365006 -2.100000
v 10.622779 0.206296 -2.100000
v 10.887657 0.079531 -2.100000
v 11.174307 -0.013380 -2.100000
v 11.480747 -0.070527 -2.100000
v 11.805000 -0.090000 -2.100000
v 11.877136 -0.088738 -2.100000
v 11.948751 -0.084907 -2.100000
v 12.020158 -0.078438 -2.100000
v 12.091667 -0.069259 -2.100000
v 12.163595 -0.057303 -2.100000
v 12.236251 -0.042500 -2.100000
v 12.309948 -0.024780 -2.100000
v 12.385000 -0.004074 -2.100000
v 12.461719 0.019687 -2.100000
v 12.540417 0.046574 -2.100000
v 12.621407 0.076655 -2.100000
v 12.705001 0.110000 -2.100000
v 12.705001 -2.300000 -2.100000
v 12.637101 0.878756 -2.100000
v 12.568473 0.850046 -2.100000
v 12.499219 0.823906 -2.100000
v 12.429445 0.800370 -2.100000
v 12.359255 0.779473 -2.100000
v 12.288751 0.761250 -2.100000
v 12.218039 0.745735 -2.100000
v 12.147223 0.732963 -2.100000
v 12.076406 0.722969 -2.100000
v 12.005695 0.715787 -2.100000
v 11.935191 0.711453 -2.100000
v 11.865001 0.710000 -2.100000
v 11.662507 0.723096 -2.100000
v 11.470881 0.761435 -2.100000
v 11.291408 0.823594 -2.100000
v 11.125372 0.908148 -2.100000
v 10.974058 1.013675 -2.100000
v 10.838751 1.138750 -2.100000
v 10.720736 1.281950 -2.100000
v 10.621298 1.441852 -2.100000
v 10.541719 1.617031 -2.100000
v 10.483288 1.806065 -2.100000
v 10.447287 2.007529 -2.100000
v 10.435000 2.220000 -2.100000
v 10.445205 2.444288 -2.100000
v 10.475789 2.651806 -2.100000
v 10.526722 2.842032 -2.100000
v 10.597965 3.014445 -2.100000
v 10.689487 3.168525 -2.100000
v 10.801252 3.303751 -2.100000
v 10.933226 3.419601 -2.100000
v 11.085372 3.515556 -2.100000
v 11.257658 3.591094 -2.100000
v 11.450047 3.645695 -2.100000
v 11.662507 3.678837 -2.100000
v 11.895000 3.690000 -2.100000
v 12.705001 3.690000 -2.100000
v 12.705001 0.910000 -2.100000
v 14.165001 -0.000000 -2.100000
v 15.305000 -0.000000 -2.100000
v 16.715000 1.610000 -2.100000
v 18.045002 -0.000000 -2.100000
v 19.165001 -0.000000 -2.100000
v 17.275002 2.280000 -2.100000
v 19.165001 4.490000 -2.100000
v 18.045002 4.490000 -2.100000
v 16.715000 2.950000 -2.100000
v 15.435000 4.490000 -2.100000
v 14.295001 4.490000 -2.100000
v 16.145000 2.280000 -2.100000
v 19.709145 0.353947 -2.100000
v 19.842316 0.275741 -2.100000
v 19.975626 0.205313 -2.100000
v 20.110186 0.142593 -2.100000
v 20.247107 0.087512 -2.100000
v 20.387499 0.040000 -2.100000
v 20.532476 -0.000012 -2.100000
v 20.683147 -0.032593 -2.100000
v 20.840626 -0.057813 -2.100000
v 21.006020 -0.075741 -2.100000
v 21.180441 -0.086447 -2.100000
v 21.365002 -0.090000 -2.100000
v 21.701992 -0.066655 -2.100000
v 22.012594 0.000926 -2.100000
v 22.296253 0.109063 -2.100000
v 22.552410 0.254074 -2.100000
v 22.780512 0.432280 -2.100000
v 22.980003 0.640000 -2.100000
v 23.150328 0.873553 -2.100000
v 23.290930 1.129259 -2.100000
v 23.401253 1.403438 -2.100000
v 23.480743 1.692407 -2.100000
v 23.528845 1.992489 -2.100000
v 23.545002 2.300000 -2.100000
v 23.527363 2.630555 -2.100000
v 23.475555 2.941111 -2.100000
v 23.391251 3.230000 -2.100000
v 23.276112 3.495555 -2.100000
v 23.131807 3.736111 -2.100000
v 22.959999 3.950000 -2.100000
v 22.762360 4.135556 -2.100000
v 22.540554 4.291111 -2.100000
v 22.296249 4.415000 -2.100000
v 22.031113 4.505556 -2.100000
v 21.746807 4.561111 -2.100000
v 21.445004 4.580000 -2.100000
v 21.156654 4.563102 -2.100000
v 20.887365 4.512315 -2.100000
v 20.638285 4.427500 -2.100000
v 20.410559 4.308519 -2.100000
v 20.205334 4.155231 -2.100000
v 20.023754 3.967500 -2.100000
v 19.866964 3.745185 -2.100000
v 19.736115 3.488148 -2.100000
v 19.632347 3.196250 -2.100000
v 19.556808 2.869352 -2.100000
v 19.510645 2.507315 -2.100000
v 19.495003 2.110000 -2.100000
v 22.655001 2.110000 -2.100000
v 22.612305 1.896476 -2.100000
v 22.554262 1.700972 -2.100000
v 22.480942 1.523594 -2.100000
v 22.392410 1.364444 -2.100000
v 22.288742 1.223629 -2.100000
v 22.170006 1.101250 -2.100000
v 22.036266 0.997413 -2.100000
v 21.887598 0.912222 -2.100000
v 21.724068 0.845781 -2.100000
v 21.545744 0.798194 -2.100000
v 21.352699 0.769566 -2.100000
v 21.145000 0.760000 -2.100000
v 21.010605 0.764132 -2.100000
v 20.877316 0.776389 -2.100000
v 20.745001 0.796562 -2.100000
v 20.613520 0.824444 -2.100000
v 20.482733 0.859826 -2.100000
v 20.352501 0.902500 -2.100000
v 20.222687 0.952257 -2.100000
v 20.093151 1.008889 -2.100000
v 19.963753 1.072188 -2.100000
v 19.834354 1.141945 -2.100000
v 19.704817 1.217952 -2.100000
v 19.575003 1.300000 -2.100000
v 19.575003 0.440000 -2.100000
v 20.389931 2.864687 -2.100000
v 20.419445 3.018333 -2.100000
v 20.463125 3.160312 -2.100000
v 20.520555 3.290000 -2.100000
v 20.591320 3.406770 -2.100000
v 20.675001 3.510000 -2.100000
v 20.771181 3.599062 -2.100000
v 20.879444 3.673333 -2.100000
v 20.999376 3.732188 -2.100000
v 21.130558 3.775000 -2.100000
v 21.272572 3.801146 -2.100000
v 21.425001 3.810000 -2.100000
v 21.589371 3.801720 -2.100000
v 21.742413 3.777084 -2.100000
v 21.884068 3.736407 -2.100000
v 22.014263 3.680001 -2.100000
v 22.132931 3.608178 -2.100000
v 22.240002 3.521250 -2.100000
v 22.335407 3.419532 -2.100000
v 22.419075 3.303334 -2.100000
v 22.490940 3.172969 -2.100000
v 22.550928 3.028750 -2.100000
v 22.598972 2.870990 -2.100000
v 22.635002 2.700000 -2.100000
v 20.375002 2.700000 -2.100000
v -20.475002 3.900000 2.100000
v -20.563240 4.003710 2.100000
v -20.657593 4.099676 2.100000
v -20.757500 4.187656 2.100000
v -20.862406 4.267407 2.100000
v -20.971758 4.338686 2.100000
v -21.084999 4.401250 2.100000
v -21.201574 4.454855 2.100000
v -21.320927 4.499259 2.100000
v -21.442501 4.534219 2.100000
v -21.565742 4.559491 2.100000
v -21.690094 4.574832 2.100000
v -21.815002 4.580000 2.100000
v -22.023668 4.567877 2.100000
v -22.223476 4.531343 2.100000
v -22.412663 4.470157 2.100000
v -22.589451 4.384074 2.100000
v -22.752071 4.272853 2.100000
v -22.898754 4.136250 2.100000
v -23.027729 3.974022 2.100000
v -23.137226 3.785926 2.100000
v -23.225471 3.571719 2.100000
v -23.290699 3.331157 2.100000
v -23.331131 3.063999 2.100000
v -23.345003 2.770000 2.100000
v -23.345003 0.000000 2.100000
v -22.455002 0.000000 2.100000
v -22.455002 2.780000 2.100000
v -22.447996 2.940093 2.100000
v -22.427313 3.089907 2.100000
v -22.393436 3.228750 2.100000
v -22.346851 3.355926 2.100000
v -22.288044 3.470741 2.100000
v -22.217501 3.572500 2.100000
v -22.135706 3.660509 2.100000
v -22.043148 3.734074 2.100000
v -21.940311 3.792500 2.100000
v -21.827686 3.835093 2.100000
v -21.705753 3.861158 2.100000
v -21.575003 3.870000 2.100000
v -21.479061 3.866187 2.100000
v -21.385792 3.854491 2.100000
v -21.294535 3.834532 2.100000
v -21.204632 3.805926 2.100000
v -21.115425 3.768293 2.100000
v -21.026251 3.721250 2.100000
v -20.936453 3.664416 2.100000
v -20.845371 3.597408 2.100000
v -20.752344 3.519844 2.100000
v -20.656715 3.431343 2.100000
v -20.557821 3.331522 2.100000
v -20.455002 3.220000 2.100000
v -20.455002 0.000000 2.100000
v -19.565002 0.000000 2.100000
v -19.565002 4.490000 2.100000
v -20.455002 4.490000 2.100000
v -20.455002 3.900000 2.100000
v -18.574688 1.944873 2.100000
v -18.515001 1.620648 2.100000
v -18.417814 1.319063 2.100000
v -18.285002 1.041852 2.100000
v -18.118439 0.790752 2.100000
v -17.920002 0.567500 2.100000
v -17.691565 0.373831 2.100000
v -17.435001 0.211482 2.100000
v -17.152191 0.082188 2.100000
v -16.845001 -0.012315 2.100000
v -16.515314 -0.070289 2.100000
v -16.165001 -0.090000 2.100000
v -15.828474 -0.069526 2.100000
v -15.510279 -0.009537 2.100000
v -15.212502 0.087812 2.100000
v -14.937223 0.220370 2.100000
v -14.686528 0.385984 2.100000
v -14.462501 0.582500 2.100000
v -14.267223 0.807766 2.100000
v -14.102778 1.059630 2.100000
v -13.971251 1.335938 2.100000
v -13.874723 1.634537 2.100000
v -13.815279 1.953276 2.100000
v -13.795002 2.290000 2.100000
v -13.816043 2.606048 2.100000
v -13.877501 2.907547 2.100000
v -13.976877 3.192032 2.100000
v -14.111668 3.457038 2.100000
v -14.279376 3.700099 2.100000
v -14.477501 3.918751 2.100000
v -14.703543 4.110528 2.100000
v -14.955002 4.272964 2.100000
v -15.229377 4.403594 2.100000
v -15.524168 4.499954 2.100000
v -15.836877 4.559578 2.100000
v -16.165001 4.580000 2.100000
v -16.509012 4.560343 2.100000
v -16.834585 4.502733 2.100000
v -17.139532 4.409220 2.100000
v -17.421667 4.281853 2.100000
v -17.678802 4.122680 2.100000
v -17.908751 3.933751 2.100000
v -18.109324 3.717113 2.100000
v -18.278334 3.474815 2.100000
v -18.413595 3.208907 2.100000
v -18.512918 2.921436 2.100000
v -18.574116 2.614450 2.100000
v -18.595001 2.290000 2.100000
v -14.717108 2.059346 2.100000
v -14.752687 1.843102 2.100000
v -14.810627 1.642344 2.100000
v -14.889816 1.458148 2.100000
v -14.989145 1.291592 2.100000
v -15.107502 1.143750 2.100000
v -15.243774 1.015700 2.100000
v -15.396853 0.908519 2.100000
v -15.565626 0.823281 2.100000
v -15.748983 0.761065 2.100000
v -15.945812 0.722946 2.100000
v -16.155003 0.710000 2.100000
v -16.382572 0.722367 2.100000
v -16.594725 0.758936 2.100000
v -16.790627 0.818907 2.100000
v -16.969448 0.901482 2.100000
v -17.130350 1.005862 2.100000
v -17.272503 1.131250 2.100000
v -17.395073 1.276846 2.100000
v -17.497225 1.441852 2.100000
v -17.578127 1.625469 2.100000
v -17.636946 1.826898 2.100000
v -17.672848 2.045341 2.100000
v -17.685001 2.280000 2.100000
v -17.671894 2.492275 2.100000
v -17.633474 2.693195 2.100000
v -17.571095 2.881407 2.100000
v -17.486113 3.055556 2.100000
v -17.379879 3.214289 2.100000
v -17.253752 3.356251 2.100000
v -17.109081 3.480087 2.100000
v -16.947224 3.584445 2.100000
v -16.769533 3.667969 2.100000
v -16.577362 3.729306 2.100000
v -16.372068 3.767101 2.100000
v -16.155003 3.780000 2.100000
v -15.950013 3.767107 2.100000
v -15.755928 3.729352 2.100000
v -15.574064 3.668126 2.100000
v -15.405742 3.584815 2.100000
v -15.252281 3.480811 2.100000
v -15.115002 3.357501 2.100000
v -14.995221 3.216274 2.100000
v -14.894260 3.058519 2.100000
v -14.813438 2.885625 2.100000
v -14.754075 2.698982 2.100000
v -14.717489 2.499977 2.100000
v -14.705001 2.290000 2.100000
v -12.273651 5.324889 2.100000
v -12.205047 5.339120 2.100000
v -12.139844 5.362031 2.100000
v -12.078704 5.392962 2.100000
v -12.022285 5.431256 2.100000
v -11.971250 5.476250 2.100000
v -11.926255 5.527286 2.100000
v -11.887962 5.583704 2.100000
v -11.857032 5.644844 2.100000
v -11.834121 5.710046 2.100000
v -11.819891 5.778652 2.100000
v -11.815001 5.850000 2.100000
v -11.819892 5.921348 2.100000
v -11.834122 5.989953 2.100000
v -11.857033 6.055156 2.100000
v -11.887964 6.116296 2.100000
v -11.926256 6.172714 2.100000
v -11.971251 6.223750 2.100000
v -12.022286 6.268744 2.100000
v -12.078705 6.307037 2.100000
v -12.139845 6.337969 2.100000
v -12.205048 6.360879 2.100000
v -12.273653 6.375110 2.100000
v -12.345000 6.380000 2.100000
v -12.416349 6.375112 2.100000
v -12.484955 6.360881 2.100000
v -12.550158 6.337970 2.100000
v -12.611298 6.307038 2.100000
v -12.667715 6.268745 2.100000
v -12.718752 6.223751 2.100000
v -12.763746 6.172715 2.100000
v -12.802038 6.116297 2.100000
v -12.832970 6.055157 2.100000
v -12.855881 5.989954 2.100000
v -12.870111 5.921349 2.100000
v -12.875000 5.850000 2.100000
v -12.870110 5.778652 2.100000
v -12.855879 5.710047 2.100000
v -12.832968 5.644844 2.100000
v -12.802037 5.583704 2.100000
v -12.763744 5.527287 2.100000
v -12.718750 5.476251 2.100000
v -12.667714 5.431256 2.100000
v -12.611296 5.392963 2.100000
v -12.550156 5.362031 2.100000
v -12.484953 5.339121 2.100000
v -12.416348 5.324890 2.100000
v -12.345000 5.320000 2.100000
v -11.895000 0.000000 2.100000
v -11.895000 4.490000 2.100000
v -12.785001 4.490000 2.100000
v -12.785001 0.000000 2.100000
v -11.005001 4.490000 2.100000
v -11.005001 3.690000 2.100000
v -9.585001 3.690000 2.100000
v -9.585001 1.390000 2.100000
v -9.592629 1.265284 2.100000
v -9.614354 1.155602 2.100000
v -9.648439 1.060156 2.100000
v -9.693150 0.978148 2.100000
v -9.746750 0.908779 2.100000
v -9.807502 0.851250 2.100000
v -9.873671 0.804763 2.100000
v -9.943520 0.768519 2.100000
v -10.015314 0.741719 2.100000
v -10.087317 0.723565 2.100000
v -10.157790 0.713258 2.100000
v -10.225000 0.710000 2.100000
v -10.305219 0.712292 2.100000
v -10.385924 0.719167 2.100000
v -10.467186 0.730625 2.100000
v -10.549073 0.746667 2.100000
v -10.631655 0.767292 2.100000
v -10.714999 0.792500 2.100000
v -10.799178 0.822292 2.100000
v -10.884258 0.856667 2.100000
v -10.970312 0.895625 2.100000
v -11.057407 0.939167 2.100000
v -11.145615 0.987292 2.100000
v -11.235001 1.040000 2.100000
v -11.235001 0.210000 2.100000
v -11.154166 0.168385 2.100000
v -11.067500 0.128750 2.100000
v -10.976250 0.091406 2.100000
v -10.881667 0.056667 2.100000
v -10.785000 0.024844 2.100000
v -10.687500 -0.003750 2.100000
v -10.590418 -0.028802 2.100000
v -10.495001 -0.050000 2.100000
v -10.402500 -0.067031 2.100000
v -10.314168 -0.079583 2.100000
v -10.231251 -0.087344 2.100000
v -10.155001 -0.090000 2.100000
v -9.922506 -0.077726 2.100000
v -9.710047 -0.041806 2.100000
v -9.517656 0.016406 2.100000
v -9.345370 0.095555 2.100000
v -9.193224 0.194288 2.100000
v -9.061251 0.311250 2.100000
v -8.949486 0.445087 2.100000
v -8.857964 0.594444 2.100000
v -8.786719 0.757969 2.100000
v -8.735788 0.934306 2.100000
v -8.705204 1.122101 2.100000
v -8.695001 1.320000 2.100000
v -8.695001 3.690000 2.100000
v -7.915001 3.690000 2.100000
v -7.915001 3.790000 2.100000
v -9.585001 5.420001 2.100000
v -9.585001 4.490000 2.100000
v -6.753652 5.324889 2.100000
v -6.685047 5.339120 2.100000
v -6.619844 5.362031 2.100000
v -6.558704 5.392962 2.100000
v -6.502286 5.431256 2.100000
v -6.451250 5.476250 2.100000
v -6.406256 5.527286 2.100000
v -6.367963 5.583704 2.100000
v -6.337031 5.644844 2.100000
v -6.314120 5.710046 2.100000
v -6.299890 5.778652 2.100000
v -6.295000 5.850000 2.100000
v -6.299889 5.921348 2.100000
v -6.314120 5.989953 2.100000
v -6.337030 6.055156 2.100000
v -6.367962 6.116296 2.100000
v -6.406255 6.172714 2.100000
v -6.451250 6.223750 2.100000
v -6.502285 6.268744 2.100000
v -6.558703 6.307037 2.100000
v -6.619843 6.337969 2.100000
v -6.685046 6.360879 2.100000
v -6.753652 6.375110 2.100000
v -6.825000 6.380000 2.100000
v -6.896348 6.375112 2.100000
v -6.964953 6.360881 2.100000
v -7.030156 6.337970 2.100000
v -7.091296 6.307038 2.100000
v -7.147713 6.268745 2.100000
v -7.198749 6.223751 2.100000
v -7.243743 6.172715 2.100000
v -7.282037 6.116297 2.100000
v -7.312968 6.055157 2.100000
v -7.335879 5.989954 2.100000
v -7.350110 5.921349 2.100000
v -7.355000 5.850000 2.100000
v -7.350111 5.778652 2.100000
v -7.335880 5.710047 2.100000
v -7.312970 5.644844 2.100000
v -7.282038 5.583704 2.100000
v -7.243745 5.527287 2.100000
v -7.198750 5.476251 2.100000
v -7.147715 5.431256 2.100000
v -7.091297 5.392963 2.100000
v -7.030157 5.362031 2.100000
v -6.964954 5.339121 2.100000
v -6.896348 5.324890 2.100000
v -6.825000 5.320000 2.100000
v -6.375000 0.000000 2.100000
v -6.375000 4.490000 2.100000
v -7.265000 4.490000 2.100000
v -7.265000 0.000000 2.100000
v -3.245000 0.000000 2.100000
v -2.920614 0.018738 2.100000
v -2.618241 0.074074 2.100000
v -2.339063 0.164687 2.100000
v -2.084260 0.289259 2.100000
v -1.855012 0.446470 2.100000
v -1.652500 0.635000 2.100000
v -1.477905 0.853530 2.100000
v -1.332407 1.100741 2.100000
v -1.217188 1.375313 2.100000
v -1.133426 1.675926 2.100000
v -1.082303 2.001262 2.100000
v -1.065000 2.350000 2.100000
v -1.084057 2.666967 2.100000
v -1.139954 2.966574 2.100000
v -1.230781 3.246875 2.100000
v -1.354630 3.505926 2.100000
v -1.509589 3.741783 2.100000
v -1.693750 3.952500 2.100000
v -1.905203 4.136135 2.100000
v -2.142037 4.290741 2.100000
v -2.402344 4.414375 2.100000
v -2.684213 4.505093 2.100000
v -2.985735 4.560949 2.100000
v -3.305000 4.580000 2.100000
v -3.379642 4.578941 2.100000
v -3.453796 4.575695 2.100000
v -3.527813 4.570157 2.100000
v -3.602037 4.562222 2.100000
v -3.676817 4.551788 2.100000
v -3.752500 4.538750 2.100000
v -3.829433 4.523004 2.100000
v -3.907963 4.504445 2.100000
v -3.988438 4.482969 2.100000
v -4.071204 4.458472 2.100000
v -4.156609 4.430851 2.100000
v -4.245000 4.400000 2.100000
v -4.245000 6.820001 2.100000
v -5.135000 6.820001 2.100000
v -5.135000 0.000000 2.100000
v -4.171377 3.638554 2.100000
v -4.100185 3.664260 2.100000
v -4.030938 3.687188 2.100000
v -3.963148 3.707408 2.100000
v -3.896331 3.724989 2.100000
v -3.830000 3.740000 2.100000
v -3.763669 3.752512 2.100000
v -3.696852 3.762593 2.100000
v -3.629063 3.770313 2.100000
v -3.559815 3.775741 2.100000
v -3.488623 3.778947 2.100000
v -3.415000 3.780000 2.100000
v -3.206007 3.767257 2.100000
v -3.009722 3.729722 2.100000
v -2.827188 3.668437 2.100000
v -2.659445 3.584445 2.100000
v -2.507535 3.478785 2.100000
v -2.372500 3.352500 2.100000
v -2.255382 3.206632 2.100000
v -2.157222 3.042222 2.100000
v -2.079063 2.860313 2.100000
v -2.021945 2.661945 2.100000
v -1.986910 2.448160 2.100000
v -1.975000 2.220000 2.100000
v -1.982285 2.014618 2.100000
v -2.004953 1.819445 2.100000
v -2.044218 1.635938 2.100000
v -2.101296 1.465556 2.100000
v -2.177401 1.309757 2.100000
v -2.273750 1.170000 2.100000
v -2.391557 1.047743 2.100000
v -2.532037 0.944445 2.100000
v -2.696406 0.861563 2.100000
v -2.885880 0.800556 2.100000
v -3.101673 0.762882 2.100000
v -3.345000 0.750000 2.100000
v -4.245000 0.750000 2.100000
v -4.245000 3.610000 2.100000
v 2.855000 3.900000 2.100000
v 2.766759 4.003710 2.100000
v 2.672408 4.099676 2.100000
v 2.572500 4.187656 2.100000
v 2.467593 4.267407 2.100000
v 2.358241 4.338686 2.100000
v 2.245000 4.401250 2.100000
v 2.128426 4.454855 2.100000
v 2.009074 4.499259 2.100000
v 1.887500 4.534219 2.100000
v 1.764259 4.559491 2.100000
v 1.639907 4.574832 2.100000
v 1.515000 4.580000 2.100000
v 1.306337 4.567877 2.100000
v 1.106528 4.531343 2.100000
v 0.917344 4.470157 2.100000
v 0.740555 4.384074 2.100000
v 0.577934 4.272853 2.100000
v 0.431250 4.136250 2.100000
v 0.302274 3.974022 2.100000
v 0.192778 3.785926 2.100000
v 0.104531 3.571719 2.100000
v 0.039305 3.331157 2.100000
v -0.001129 3.063999 2.100000
v -0.015000 2.770000 2.100000
v -0.015000 0.000000 2.100000
v 0.875000 0.000000 2.100000
v 0.875000 2.780000 2.100000
v 0.882002 2.940093 2.100000
v 0.902685 3.089907 2.100000
v 0.936562 3.228750 2.100000
v 0.983148 3.355926 2.100000
v 1.041956 3.470741 2.100000
v 1.112500 3.572500 2.100000
v 1.194294 3.660509 2.100000
v 1.286852 3.734074 2.100000
v 1.389687 3.792500 2.100000
v 1.502315 3.835093 2.100000
v 1.624247 3.861158 2.100000
v 1.755000 3.870000 2.100000
v 1.850943 3.866187 2.100000
v 1.944213 3.854491 2.100000
v 2.035469 3.834532 2.100000
v 2.125370 3.805926 2.100000
v 2.214577 3.768293 2.100000
v 2.303750 3.721250 2.100000
v 2.393548 3.664416 2.100000
v 2.484630 3.597408 2.100000
v 2.577656 3.519844 2.100000
v 2.673287 3.431343 2.100000
v 2.772182 3.331522 2.100000
v 2.875000 3.220000 2.100000
v 2.875000 0.000000 2.100000
v 3.765000 0.000000 2.100000
v 3.765000 4.490000 2.100000
v 2.875000 4.490000 2.100000
v 2.875000 3.900000 2.100000
v 4.919146 0.353947 2.100000
v 5.052317 0.275741 2.100000
v 5.185627 0.205313 2.100000
v 5.320187 0.142593 2.100000
v 5.457108 0.087512 2.100000
v 5.597501 0.040000 2.100000
v 5.742478 -0.000011 2.100000
v 5.893149 -0.032592 2.100000
v 6.050626 -0.057812 2.100000
v 6.216020 -0.075741 2.100000
v 6.390440 -0.086447 2.100000
v 6.575001 -0.090000 2.100000
v 6.911992 -0.066655 2.100000
v 7.222593 0.000926 2.100000
v 7.506251 0.109063 2.100000
v 7.762408 0.254074 2.100000
v 7.990510 0.432280 2.100000
v 8.190001 0.640000 2.100000
v 8.360325 0.873553 2.100000
v 8.500927 1.129259 2.100000
v 8.611251 1.403438 2.100000
v 8.690741 1.692407 2.100000
v 8.738843 1.992489 2.100000
v 8.755001 2.300000 2.100000
v 8.737362 2.630555 2.100000
v 8.685556 2.941111 2.100000
v 8.601252 3.230000 2.100000
v 8.486113 3.495555 2.100000
v 8.341806 3.736111 2.100000
v 8.170001 3.950000 2.100000
v 7.972362 4.135556 2.100000
v 7.750556 4.291111 2.100000
v 7.506251 4.415000 2.100000
v 7.241112 4.505556 2.100000
v 6.956806 4.561111 2.100000
v 6.655001 4.580000 2.100000
v 6.366651 4.563102 2.100000
v 6.097362 4.512315 2.100000
v 5.848282 4.427500 2.100000
v 5.620556 4.308519 2.100000
v 5.415330 4.155231 2.100000
v 5.233751 3.967500 2.100000
v 5.076962 3.745185 2.100000
v 4.946112 3.488148 2.100000
v 4.842344 3.196250 2.100000
v 4.766807 2.869352 2.100000
v 4.720643 2.507315 2.100000
v 4.705001 2.110000 2.100000
v 7.865001 2.110000 2.100000
v 7.822304 1.896476 2.100000
v 7.764259 1.700972 2.100000
v 7.690938 1.523594 2.100000
v 7.602408 1.364445 2.100000
v 7.498739 1.223629 2.100000
v 7.380000 1.101250 2.100000
v 7.246262 0.997413 2.100000
v 7.097593 0.912222 2.100000
v 6.934063 0.845781 2.100000
v 6.755741 0.798195 2.100000
v 6.562697 0.769566 2.100000
v 6.355000 0.760000 2.100000
v 6.220602 0.764132 2.100000
v 6.087315 0.776389 2.100000
v 5.955000 0.796563 2.100000
v 5.823519 0.824445 2.100000
v 5.692732 0.859826 2.100000
v 5.562500 0.902500 2.100000
v 5.432686 0.952257 2.100000
v 5.303149 1.008889 2.100000
v 5.173750 1.072188 2.100000
v 5.044353 1.141945 2.100000
v 4.914815 1.217952 2.100000
v 4.785001 1.300000 2.100000
v 4.785001 0.440000 2.100000
v 5.599931 2.864687 2.100000
v 5.629445 3.018333 2.100000
v 5.673125 3.160312 2.100000
v 5.730556 3.290000 2.100000
v 5.801320 3.406770 2.100000
v 5.885001 3.510000 2.100000
v 5.981181 3.599062 2.100000
v 6.089445 3.673333 2.100000
v 6.209376 3.732188 2.100000
v 6.340556 3.775000 2.100000
v 6.482570 3.801146 2.100000
v 6.635001 3.810000 2.100000
v 6.799364 3.801720 2.100000
v 6.952407 3.777084 2.100000
v 7.094063 3.736407 2.100000
v 7.224259 3.680001 2.100000
v 7.342929 3.608178 2.100000
v 7.450001 3.521250 2.100000
v 7.545405 3.419532 2.100000
v 7.629075 3.303334 2.100000
v 7.700938 3.172969 2.100000
v 7.760926 3.028750 2.100000
v 7.808971 2.870990 2.100000
v 7.845001 2.700000 2.100000
v 5.585001 2.700000 2.100000
v 13.595000 -2.300000 2.100000
v 13.595000 4.490000 2.100000
v 12.055001 4.490000 2.100000
v 11.660708 4.473403 2.100000
v 11.298150 4.423889 2.100000
v 10.967813 4.341875 2.100000
v 10.670186 4.227778 2.100000
v 10.405754 4.082014 2.100000
v 10.175001 3.905000 2.100000
v 9.978415 3.697153 2.100000
v 9.816483 3.458889 2.100000
v 9.689689 3.190625 2.100000
v 9.598520 2.892778 2.100000
v 9.543462 2.565764 2.100000
v 9.525002 2.210000 2.100000
v 9.544463 1.881152 2.100000
v 9.601529 1.570880 2.100000
v 9.694221 1.281094 2.100000
v 9.820558 1.013704 2.100000
v 9.978560 0.770619 2.100000
v 10.166252 0.553750 2.100000
v 10.381651 0.365006 2.100000
v 10.622779 0.206296 2.100000
v 10.887657 0.079531 2.100000
v 11.174307 -0.013379 2.100000
v 11.480747 -0.070526 2.100000
v 11.805000 -0.090000 2.100000
v 11.877136 -0.088738 2.100000
v 11.948751 -0.084907 2.100000
v 12.020158 -0.078437 2.100000
v 12.091667 -0.069259 2.100000
v 12.163595 -0.057303 2.100000
v 12.236251 -0.042500 2.100000
v 12.309948 -0.024780 2.100000
v 12.385000 -0.004074 2.100000
v 12.461719 0.019688 2.100000
v 12.540417 0.046574 2.100000
v 12.621407 0.076655 2.100000
v 12.705001 0.110000 2.100000
v 12.705001 -2.300000 2.100000
v 12.637101 0.878756 2.100000
v 12.568473 0.850047 2.100000
v 12.499219 0.823906 2.100000
v 12.429445 0.800371 2.100000
v 12.359255 0.779474 2.100000
v 12.288751 0.761250 2.100000
v 12.218039 0.745735 2.100000
v 12.147223 0.732963 2.100000
v 12.076406 0.722969 2.100000
v 12.005695 0.715787 2.100000
v 11.935191 0.711453 2.100000
v 11.865001 0.710000 2.100000
v 11.662507 0.723096 2.100000
v 11.470881 0.761435 2.100000
v 11.291408 0.823594 2.100000
v 11.125372 0.908148 2.100000
v 10.974058 1.013675 2.100000
v 10.838751 1.138750 2.100000
v 10.720736 1.281950 2.100000
v 10.621298 1.441852 2.100000
v 10.541719 1.617031 2.100000
v 10.483288 1.806065 2.100000
v 10.447287 2.007529 2.100000
v 10.435000 2.220000 2.100000
v 10.445205 2.444288 2.100000
v 10.475789 2.651806 2.100000
v 10.526722 2.842032 2.100000
v 10.597965 3.014445 2.100000
v 10.689487 3.168525 2.100000
v 10.801252 3.303751 2.100000
v 10.933226 3.419601 2.100000
v 11.085372 3.515556 2.100000
v 11.257658 3.591094 2.100000
v 11.450047 3.645695 2.100000
v 11.662507 3.678837 2.100000
v 11.895000 3.690000 2.100000
v 12.705001 3.690000 2.100000
v 12.705001 0.910000 2.100000
v 14.165001 0.000000 2.100000
v 15.305000 0.000000 2.100000
v 16.715000 1.610000 2.100000
v 18.045002 0.000000 2.100000
v 19.165001 0.000000 2.100000
v 17.275002 2.280000 2.100000
v 19.165001 4.490000 2.100000
v 18.045002 4.490000 2.100000
v 16.715000 2.950000 2.100000
v 15.435000 4.490000 2.100000
v 14.295001 4.490000 2.100000
v 16.145000 2.280000 2.100000
v 19.709145 0.353947 2.100000
v 19.842316 0.275741 2.100000
v 19.975626 0.205313 2.100000
v 20.110186 0.142593 2.100000
v 20.247107 0.087512 2.100000
v 20.387499 0.040000 2.100000
v 20.532476 -0.000011 2.100000
v 20.683147 -0.032592 2.100000
v 20.840626 -0.057812 2.100000
v 21.006020 -0.075741 2.100000
v 21.180441 -0.086447 2.100000
v 21.365002 -0.090000 2.100000
v 21.701992 -0.066655 2.100000
v 22.012594 0.000926 2.100000
v 22.296253 0.109063 2.100000
v 22.552410 0.254074 2.100000
v 22.780512 0.432280 2.100000
v 22.980003 0.640000 2.100000
v 23.150328 0.873553 2.100000
v 23.290930 1.129260 2.100000
v 23.401253 1.403438 2.100000
v 23.480743 1.692408 2.100000
v 23.528845 1.992489 2.100000
v 23.545002 2.300000 2.100000
v 23.527363 2.630555 2.100000
v 23.475555 2.941111 2.100000
v 23.391251 3.230000 2.100000
v 23.276112 3.495555 2.100000
v 23.131807 3.736111 2.100000
v 22.959999 3.950000 2.100000
v 22.762360 4.135556 2.100000
v 22.540554 4.291111 2.100000
v 22.296249 4.415000 2.100000
v 22.031113 4.505556 2.100000
v 21.746807 4.561111 2.100000
v 21.445004 4.580000 2.100000
v 21.156654 4.563102 2.100000
v 20.887365 4.512315 2.100000
v 20.638285 4.427500 2.100000
v 20.410559 4.308519 2.100000
v 20.205334 4.155231 2.100000
v 20.023754 3.967500 2.100000
v 19.866964 3.745185 2.100000
v 19.736115 3.488148 2.100000
v 19.632347 3.196250 2.100000
v 19.556808 2.869352 2.100000
v 19.510645 2.507315 2.100000
v 19.495003 2.110000 2.100000
v 22.655001 2.110000 2.100000
v 22.612305 1.896476 2.100000
v 22.554262 1.700973 2.100000
v 22.480942 1.523594 2.100000
v 22.392410 1.364445 2.100000
v 22.288742 1.223629 2.100000
v 22.170006 1.101250 2.100000
v 22.036266 0.997413 2.100000
v 21.887598 0.912222 2.100000
v 21.724068 0.845781 2.100000
v 21.545744 0.798195 2.100000
v 21.352699 0.769566 2.100000
v 21.145000 0.760000 2.100000
v 21.010605 0.764132 2.100000
v 20.877316 0.776389 2.100000
v 20.745001 0.796563 2.100000
v 20.613520 0.824445 2.100000
v 20.482733 0.859827 2.100000
v 20.352501 0.902500 2.100000
v 20.222687 0.952257 2.100000
v 20.093151 1.008889 2.100000
v 19.963753 1.072188 2.100000
v 19.834354 1.141945 2.100000
v 19.704817 1.217952 2.100000
v 19.575003 1.300000 2.100000
v 19.575003 0.440000 2.100000
v 20.389931 2.864687 2.100000
v 20.419445 3.018333 2.100000
v 20.463125 3.160312 2.100000
v 20.520555 3.290000 2.100000
v 20.591320 3.406770 2.100000
v 20.675001 3.510000 2.100000
v 20.771181 3.599062 2.100000
v 20.879444 3.673333 2.100000
v 20.999376 3.732188 2.100000
v 21.130558 3.775000 2.100000
v 21.272572 3.801146 2.100000
v 21.425001 3.810000 2.100000
v 21.589371 3.801720 2.100000
v 21.742413 3.777084 2.100000
v 21.884068 3.736407 2.100000
v 22.014263 3.680001 2.100000
v 22.132931 3.608178 2.100000
v 22.240002 3.521250 2.100000
v 22.335407 3.419532 2.100000
v 22.419075 3.303334 2.100000
v 22.490940 3.172969 2.100000
v 22.550928 3.028750 2.100000
v 22.598972 2.870990 2.100000
v 22.635002 2.700000 2.100000
v 20.375002 2.700000 2.100000
v 19.709145 0.353947 2.100000
v 19.709145 0.353947 -2.100000
v 19.842316 0.275741 2.100000
v 19.842316 0.275741 -2.100000
v 19.975626 0.205313 2.100000
v 19.975626 0.205313 -2.100000
v 20.110186 0.142593 2.100000
v 20.110186 0.142593 -2.100000
v 20.247107 0.087512 2.100000
v 20.247107 0.087512 -2.100000
v 20.387499 0.040000 2.100000
v 20.387499 0.040000 -2.100000
v 20.532476 -0.000011 2.100000
v 20.532476 -0.000012 -2.100000
v 20.683147 -0.032592 2.100000
v 20.683147 -0.032593 -2.100000
v 20.840626 -0.057812 2.100000
v 20.840626 -0.057813 -2.100000
v 21.006020 -0.075741 2.100000
v 21.006020 -0.075741 -2.100000
v 21.180441 -0.086447 2.100000
v 21.180441 -0.086447 -2.100000
v 21.365002 -0.090000 2.100000
v 21.365002 -0.090000 -2.100000
v 21.701992 -0.066655 2.100000
v 21.701992 -0.066655 -2.100000
v 22.012594 0.000926 2.100000
v 22.012594 0.000926 -2.100000
v 22.296253 0.109063 2.100000
v 22.296253 0.109063 -2.100000
v 22.552410 0.254074 2.100000
v 22.552410 0.254074 -2.100000
v 22.780512 0.432280 2.100000
v 22.780512 0.432280 -2.100000
v 22.980003 0.640000 2.100000
v 22.980003 0.640000 -2.100000
v 23.150328 0.873553 2.100000
v 23.150328 0.873553 -2.100000
v 23.290930 1.129260 2.100000
v 23.290930 1.129259 -2.100000
v 23.401253 1.403438 2.100000
v 23.401253 1.403438 -2.100000
v 23.480743 1.692408 2.100000
v 23.480743 1.692407 -2.100000
v 23.528845 1.992489 2.100000
v 23.528845 1.992489 -2.100000
v 23.545002 2.300000 2.100000
v 23.545002 2.300000 -2.100000
v 23.527363 2.630555 2.100000
v 23.527363 2.630555 -2.100000
v 23.475555 2.941111 2.100000
v 23.475555 2.941111 -2.100000
v 23.391251 3.230000 2.100000
v 23.391251 3.230000 -2.100000
v 23.276112 3.495555 2.100000
v 23.276112 3.495555 -2.100000
v 23.131807 3.736111 2.100000
v 23.131807 3.736111 -2.100000
v 22.959999 3.950000 2.100000
v 22.959999 3.950000 -2.100000
v 22.762360 4.135556 2.100000
v 22.762360 4.135556 -2.100000
v 22.540554 4.291111 2.100000
v 22.540554 4.291111 -2.100000
v 22.296249 4.415000 2.100000
v 22.296249 4.415000 -2.100000
v 22.031113 4.505556 2.100000
v 22.031113 4.505556 -2.100000
v 21.746807 4.561111 2.100000
v 21.746807 4.561111 -2.100000
v 21.445004 4.580000 2.100000
v 21.445004 4.580000 -2.100000
v 21.156654 4.563102 2.100000
v 21.156654 4.563102 -2.100000
v 20.887365 4.512315 2.100000
v 20.887365 4.512315 -2.100000
v 20.638285 4.427500 2.100000
v 20.638285 4.427500 -2.100000
v 20.410559 4.308519 2.100000
v 20.410559 4.308519 -2.100000
v 20.205334 4.155231 2.100000
v 20.205334 4.155231 -2.100000
v 20.023754 3.967500 2.100000
v 20.023754 3.967500 -2.100000
v 19.866964 3.745185 2.100000
v 19.866964 3.745185 -2.100000
v 19.736115 3.488148 2.100000
v 19.736115 3.488148 -2.100000
v 19.632347 3.196250 2.100000
v 19.632347 3.196250 -2.100000
v 19.556808 2.869352 2.100000
v 19.556808 2.869352 -2.100000
v 19.510645 2.507315 2.100000
v 19.510645 2.507315 -2.100000
v 19.495003 2.110000 2.100000
v 19.495003 2.110000 -2.100000
v 22.655001 2.110000 2.100000
v 22.655001 2.110000 -2.100000
v 22.612305 1.896476 2.100000
v 22.612305 1.896476 -2.100000
v 22.554262 1.700973 2.100000
v 22.554262 1.700972 -2.100000
v 22.480942 1.523594 2.100000
v 22.480942 1.523594 -2.100000
v 22.392410 1.364445 2.100000
v 22.392410 1.364444 -2.100000
v 22.288742 1.223629 2.100000
v 22.288742 1.223629 -2.100000
v 22.170006 1.101250 2.100000
v 22.170006 1.101250 -2.100000
v 22.036266 0.997413 2.100000
v 22.036266 0.997413 -2.100000
v 21.887598 0.912222 2.100000
v 21.887598 0.912222 -2.100000
v 21.724068 0.845781 2.100000
v 21.724068 0.845781 -2.100000
v 21.545744 0.798195 2.100000
v 21.545744 0.798194 -2.100000
v 21.352699 0.769566 2.100000
v 21.352699 0.769566 -2.100000
v 21.145000 0.760000 2.100000
v 21.145000 0.760000 -2.100000
v 21.010605 0.764132 2.100000
v 21.010605 0.764132 -2.100000
v 20.877316 0.776389 2.100000
v 20.877316 0.776389 -2.100000
v 20.745001 0.796563 2.100000
v 20.745001 0.796562 -2.100000
v 20.613520 0.824445 2.100000
v 20.613520 0.824444 -2.100000
v 20.482733 0.859827 2.100000
v 20.482733 0.859826 -2.100000
v 20.352501 0.902500 2.100000
v 20.352501 0.902500 -2.100000
v 20.222687 0.952257 2.100000
v 20.222687 0.952257 -2.100000
v 20.093151 1.008889 2.100000
v 20.093151 1.008889 -2.100000
v 19.963753 1.072188 2.100000
v 19.963753 1.072188 -2.100000
v 19.834354 1.141945 2.100000
v 19.834354 1.141945 -2.100000
v 19.704817 1.217952 2.100000
v 19.704817 1.217952 -2.100000
v 19.575003 1.300000 2.100000
v 19.575003 1.300000 -2.100000
v 19.575003 0.440000 2.100000
v 19.575003 0.440000 -2.100000
v 20.389931 2.864687 2.100000
v 20.389931 2.864687 -2.100000
v 20.419445 3.018333 2.100000
v 20.419445 3.018333 -2.100000
v 20.463125 3.160312 2.100000
v 20.463125 3.160312 -2.100000
v 20.520555 3.290000 2.100000
v 20.520555 3.290000 -2.100000
v 20.591320 3.406770 2.100000
v 20.591320 3.406770 -2.100000
v 20.675001 3.510000 2.100000
v 20.675001 3.510000 -2.100000
v 20.771181 3.599062 2.100000
v 20.771181 3.599062 -2.100000
v 20.879444 3.673333 2.100000
v 20.879444 3.673333 -2.100000
v 20.999376 3.732188 2.100000
v 20.999376 3.732188 -2.100000
v 21.130558 3.775000 2.100000
v 21.130558 3.775000 -2.100000
v 21.272572 3.801146 2.100000
v 21.272572 3.801146 -2.100000
v 21.425001 3.810000 2.100000
v 21.425001 3.810000 -2.100000
v 21.589371 3.801720 2.100000
v 21.589371 3.801720 -2.100000
v 21.742413 3.777084 2.100000
v 21.742413 3.777084 -2.100000
v 21.884068 3.736407 2.100000
v 21.884068 3.736407 -2.100000
v 22.014263 3.680001 2.100000
v 22.014263 3.680001 -2.100000
v 22.132931 3.608178 2.100000
v 22.132931 3.608178 -2.100000
v 22.240002 3.521250 2.100000
v 22.240002 3.521250 -2.100000
v 22.335407 3.419532 2.100000
v 22.335407 3.419532 -2.100000
v 22.419075 3.303334 2.100000
v 22.419075 3.303334 -2.100000
v 22.490940 3.172969 2.100000
v 22.490940 3.172969 -2.100000
v 22.550928 3.028750 2.100000
v 22.550928 3.028750 -2.100000
v 22.598972 2.870990 2.100000
v 22.598972 2.870990 -2.100000
v 22.635002 2.700000 2.100000
v 22.635002 2.700000 -2.100000
v 20.375002 2.700000 2.100000
v 20.375002 2.700000 -2.100000
v 14.165001 0.000000 2.100000
v 14.165001 -0.000000 -2.100000
v 15.305000 0.000000 2.100000
v 15.305000 -0.000000 -2.100000
v 16.715000 1.610000 2.100000
v 16.715000 1.610000 -2.100000
v 18.045002 0.000000 2.100000
v 18.045002 -0.000000 -2.100000
v 19.165001 0.000000 2.100000
v 19.165001 -0.000000 -2.100000
v 17.275002 2.280000 2.100000
v 17.275002 2.280000 -2.100000
v 19.165001 4.490000 2.100000
v 19.165001 4.490000 -2.100000
v 18.045002 4.490000 2.100000
v 18.045002 4.490000 -2.100000
v 16.715000 2.950000 2.100000
v 16.715000 2.950000 -2.100000
v 15.435000 4.490000 2.100000
v 15.435000 4.490000 -2.100000
v 14.295001 4.490000 2.100000
v 14.295001 4.490000 -2.100000
v 16.145000 2.280000 2.100000
v 16.145000 2.280000 -2.100000
v 13.595000 -2.300000 2.100000
v 13.595000 -2.300000 -2.100000
v 13.595000 4.490000 2.100000
v 13.595000 4.490000 -2.100000
v 12.055001 4.490000 2.100000
v 12.055001 4.490000 -2.100000
v 11.660708 4.473403 2.100000
v 11.660708 4.473403 -2.100000
v 11.298150 4.423889 2.100000
v 11.298150 4.423889 -2.100000
v 10.967813 4.341875 2.100000
v 10.967813 4.341875 -2.100000
v 10.670186 4.227778 2.100000
v 10.670186 4.227778 -2.100000
v 10.405754 4.082014 2.100000
v 10.405754 4.082014 -2.100000
v 10.175001 3.905000 2.100000
v 10.175001 3.905000 -2.100000
v 9.978415 3.697153 2.100000
v 9.978415 3.697153 -2.100000
v 9.816483 3.458889 2.100000
v 9.816483 3.458889 -2.100000
v 9.689689 3.190625 2.100000
v 9.689689 3.190625 -2.100000
v 9.598520 2.892778 2.100000
v 9.598520 2.892778 -2.100000
v 9.543462 2.565764 2.100000
v 9.543462 2.565764 -2.100000
v 9.525002 2.210000 2.100000
v 9.525002 2.210000 -2.100000
v 9.544463 1.881152 2.100000
v 9.544463 1.881152 -2.100000
v 9.601529 1.570880 2.100000
v 9.601529 1.570880 -2.100000
v 9.694221 1.281094 2.100000
v 9.694221 1.281094 -2.100000
v 9.820558 1.013704 2.100000
v 9.820558 1.013704 -2.100000
v 9.978560 0.770619 2.100000
v 9.978560 0.770619 -2.100000
v 10.166252 0.553750 2.100000
v 10.166252 0.553750 -2.100000
v 10.381651 0.365006 2.100000
v 10.381651 0.365006 -2.100000
v 10.622779 0.206296 2.100000
v 10.622779 0.206296 -2.100000
v 10.887657 0.079531 2.100000
v 10.887657 0.079531 -2.100000
v 11.174307 -0.013379 2.100000
v 11.174307 -0.013380 -2.100000
v 11.480747 -0.070526 2.100000
v 11.480747 -0.070527 -2.100000
v 11.805000 -0.090000 2.100000
v 11.805000 -0.090000 -2.100000
v 11.877136 -0.088738 2.100000
v 11.877136 -0.088738 -2.100000
v 11.948751 -0.084907 2.100000
v 11.948751 -0.084907 -2.100000
v 12.020158 -0.078437 2.100000
v 12.020158 -0.078438 -2.100000
v 12.091667 -0.069259 2.100000
v 12.091667 -0.069259 -2.100000
v 12.163595 -0.057303 2.100000
v 12.163595 -0.057303 -2.100000
v 12.236251 -0.042500 2.100000
v 12.236251 -0.042500 -2.100000
v 12.309948 -0.024780 2.100000
v 12.309948 -0.024780 -2.100000
v 12.385000 -0.004074 2.100000
v 12.385000 -0.004074 -2.100000
v 12.461719 0.019688 2.100000
v 12.461719 0.019687 -2.100000
v 12.540417 0.046574 2.100000
v 12.540417 0.046574 -2.100000
v 12.621407 0.076655 2.100000
v 12.621407 0.076655 -2.100000
v 12.705001 0.110000 2.100000
v 12.705001 0.110000 -2.100000
v 12.705001 -2.300000 2.100000
v 12.705001 -2.300000 -2.100000
v 12.637101 0.878756 2.100000
v 12.637101 0.878756 -2.100000
v 12.568473 0.850047 2.100000
v 12.568473 0.850046 -2.100000
v 12.499219 0.823906 2.100000
v 12.499219 0.823906 -2.100000
v 12.429445 0.800371 2.100000
v 12.429445 0.800370 -2.100000
v 12.359255 0.779474 2.100000
v 12.359255 0.779473 -2.100000
v 12.288751 0.761250 2.100000
v 12.288751 0.761250 -2.100000
v 12.218039 0.745735 2.100000
v 12.218039 0.745735 -2.100000
v 12.147223 0.732963 2.100000
v 12.147223 0.732963 -2.100000
v 12.076406 0.722969 2.100000
v 12.076406 0.722969 -2.100000
v 12.005695 0.715787 2.100000
v 12.005695 0.715787 -2.100000
v 11.935191 0.711453 2.100000
v 11.935191 0.711453 -2.100000
v 11.865001 0.710000 2.100000
v 11.865001 0.710000 -2.100000
v 11.662507 0.723096 2.100000
v 11.662507 0.723096 -2.100000
v 11.470881 0.761435 2.100000
v 11.470881 0.761435 -2.100000
v 11.291408 0.823594 2.100000
v 11.291408 0.823594 -2.100000
v 11.125372 0.908148 2.100000
v 11.125372 0.908148 -2.100000
v 10.974058 1.013675 2.100000
v 10.974058 1.013675 -2.100000
v 10.838751 1.138750 2.100000
v 10.838751 1.138750 -2.100000
v 10.720736 1.281950 2.100000
v 10.720736 1.281950 -2.100000
v 10.621298 1.441852 2.100000
v 10.621298 1.441852 -2.100000
v 10.541719 1.617031 2.100000
v 10.541719 1.617031 -2.100000
v 10.483288 1.806065 2.100000
v 10.483288 1.806065 -2.100000
v 10.447287 2.007529 2.100000
v 10.447287 2.007529 -2.100000
v 10.435000 2.220000 2.100000
v 10.435000 2.220000 -2.100000
v 10.445205 2.444288 2.100000
v 10.445205 2.444288 -2.100000
v 10.475789 2.651806 2.100000
v 10.475789 2.651806 -2.100000
v 10.526722 2.842032 2.100000
v 10.526722 2.842032 -2.100000
v 10.597965 3.014445 2.100000
v 10.597965 3.014445 -2.100000
v 10.689487 3.168525 2.100000
v 10.689487 3.168525 -2.100000
v 10.801252 3.303751 2.100000
v 10.801252 3.303751 -2.100000
v 10.933226 3.419601 2.100000
v 10.933226 3.419601 -2.100000
v 11.085372 3.515556 2.100000
v 11.085372 3.515556 -2.100000
v 11.257658 3.591094 2.100000
v 11.257658 3.591094 -2.100000
v 11.450047 3.645695 2.100000
v 11.450047 3.645695 -2.100000
v 11.662507 3.678837 2.100000
v 11.662507 3.678837 -2.100000
v 11.895000 3.690000 2.100000
v 11.895000 3.690000 -2.100000
v 12.705001 3.690000 2.100000
v 12.705001 3.690000 -2.100000
v 12.705001 0.910000 2.100000
v 12.705001 0.910000 -2.100000
v 4.919146 0.353947 2.100000
v 4.919146 0.353947 -2.100000
v 5.052317 0.275741 2.100000
v 5.052317 0.275741 -2.100000
v 5.185627 0.205313 2.100000
v 5.185627 0.205312 -2.100000
v 5.320187 0.142593 2.100000
v 5.320187 0.142593 -2.100000
v 5.457108 0.087512 2.100000
v 5.457108 0.087512 -2.100000
v 5.597501 0.040000 2.100000
v 5.597501 0.040000 -2.100000
v 5.742478 -0.000011 2.100000
v 5.742478 -0.000012 -2.100000
v 5.893149 -0.032592 2.100000
v 5.893149 -0.032593 -2.100000
v 6.050626 -0.057812 2.100000
v 6.050626 -0.057813 -2.100000
v 6.216020 -0.075741 2.100000
v 6.216020 -0.075741 -2.100000
v 6.390440 -0.086447 2.100000
v 6.390440 -0.086447 -2.100000
v 6.575001 -0.090000 2.100000
v 6.575001 -0.090000 -2.100000
v 6.911992 -0.066655 2.100000
v 6.911992 -0.066655 -2.100000
v 7.222593 0.000926 2.100000
v 7.222593 0.000926 -2.100000
v 7.506251 0.109063 2.100000
v 7.506251 0.109063 -2.100000
v 7.762408 0.254074 2.100000
v 7.762408 0.254074 -2.100000
v 7.990510 0.432280 2.100000
v 7.990510 0.432280 -2.100000
v 8.190001 0.640000 2.100000
v 8.190001 0.640000 -2.100000
v 8.360325 0.873553 2.100000
v 8.360325 0.873553 -2.100000
v 8.500927 1.129259 2.100000
v 8.500927 1.129259 -2.100000
v 8.611251 1.403438 2.100000
v 8.611251 1.403437 -2.100000
v 8.690741 1.692407 2.100000
v 8.690741 1.692407 -2.100000
v 8.738843 1.992489 2.100000
v 8.738843 1.992488 -2.100000
v 8.755001 2.300000 2.100000
v 8.755001 2.300000 -2.100000
v 8.737362 2.630555 2.100000
v 8.737362 2.630555 -2.100000
v 8.685556 2.941111 2.100000
v 8.685556 2.941111 -2.100000
v 8.601252 3.230000 2.100000
v 8.601252 3.230000 -2.100000
v 8.486113 3.495555 2.100000
v 8.486113 3.495555 -2.100000
v 8.341806 3.736111 2.100000
v 8.341806 3.736111 -2.100000
v 8.170001 3.950000 2.100000
v 8.170001 3.950000 -2.100000
v 7.972362 4.135556 2.100000
v 7.972362 4.135556 -2.100000
v 7.750556 4.291111 2.100000
v 7.750556 4.291111 -2.100000
v 7.506251 4.415000 2.100000
v 7.506251 4.415000 -2.100000
v 7.241112 4.505556 2.100000
v 7.241112 4.505556 -2.100000
v 6.956806 4.561111 2.100000
v 6.956806 4.561111 -2.100000
v 6.655001 4.580000 2.100000
v 6.655001 4.580000 -2.100000
v 6.366651 4.563102 2.100000
v 6.366651 4.563102 -2.100000
v 6.097362 4.512315 2.100000
v 6.097362 4.512315 -2.100000
v 5.848282 4.427500 2.100000
v 5.848282 4.427500 -2.100000
v 5.620556 4.308519 2.100000
v 5.620556 4.308519 -2.100000
v 5.415330 4.155231 2.100000
v 5.415330 4.155231 -2.100000
v 5.233751 3.967500 2.100000
v 5.233751 3.967500 -2.100000
v 5.076962 3.745185 2.100000
v 5.076962 3.745185 -2.100000
v 4.946112 3.488148 2.100000
v 4.946112 3.488148 -2.100000
v 4.842344 3.196250 2.100000
v 4.842344 3.196250 -2.100000
v 4.766807 2.869352 2.100000
v 4.766807 2.869352 -2.100000
v 4.720643 2.507315 2.100000
v 4.720643 2.507315 -2.100000
v 4.705001 2.110000 2.100000
v 4.705001 2.110000 -2.100000
v 7.865001 2.110000 2.100000
v 7.865001 2.110000 -2.100000
v 7.822304 1.896476 2.100000
v 7.822304 1.896476 -2.100000
v 7.764259 1.700972 2.100000
v 7.764259 1.700972 -2.100000
v 7.690938 1.523594 2.100000
v 7.690938 1.523594 -2.100000
v 7.602408 1.364445 2.100000
v 7.602408 1.364444 -2.100000
v 7.498739 1.223629 2.100000
v 7.498739 1.223628 -2.100000
v 7.380000 1.101250 2.100000
v 7.380000 1.101250 -2.100000
v 7.246262 0.997413 2.100000
v 7.246262 0.997413 -2.100000
v 7.097593 0.912222 2.100000
v 7.097593 0.912222 -2.100000
v 6.934063 0.845781 2.100000
v 6.934063 0.845781 -2.100000
v 6.755741 0.798195 2.100000
v 6.755741 0.798194 -2.100000
v 6.562697 0.769566 2.100000
v 6.562697 0.769566 -2.100000
v 6.355000 0.760000 2.100000
v 6.355000 0.760000 -2.100000
v 6.220602 0.764132 2.100000
v 6.220602 0.764132 -2.100000
v 6.087315 0.776389 2.100000
v 6.087315 0.776389 -2.100000
v 5.955000 0.796563 2.100000
v 5.955000 0.796562 -2.100000
v 5.823519 0.824445 2.100000
v 5.823519 0.824444 -2.100000
v 5.692732 0.859826 2.100000
v 5.692732 0.859826 -2.100000
v 5.562500 0.902500 2.100000
v 5.562500 0.902500 -2.100000
v 5.432686 0.952257 2.100000
v 5.432686 0.952257 -2.100000
v 5.303149 1.008889 2.100000
v 5.303149 1.008889 -2.100000
v 5.173750 1.072188 2.100000
v 5.173750 1.072187 -2.100000
v 5.044353 1.141945 2.100000
v 5.044353 1.141944 -2.100000
v 4.914815 1.217952 2.100000
v 4.914815 1.217951 -2.100000
v 4.785001 1.300000 2.100000
v 4.785001 1.300000 -2.100000
v 4.785001 0.440000 2.100000
v 4.785001 0.440000 -2.100000
v 5.599931 2.864687 2.100000
v 5.599931 2.864687 -2.100000
v 5.629445 3.018333 2.100000
v 5.629445 3.018333 -2.100000
v 5.673125 3.160312 2.100000
v 5.673125 3.160312 -2.100000
v 5.730556 3.290000 2.100000
v 5.730556 3.290000 -2.100000
v 5.801320 3.406770 2.100000
v 5.801320 3.406770 -2.100000
v 5.885001 3.510000 2.100000
v 5.885001 3.510000 -2.100000
v 5.981181 3.599062 2.100000
v 5.981181 3.599062 -2.100000
v 6.089445 3.673333 2.100000
v 6.089445 3.673333 -2.100000
v 6.209376 3.732188 2.100000
v 6.209376 3.732188 -2.100000
v 6.340556 3.775000 2.100000
v 6.340556 3.775000 -2.100000
v 6.482570 3.801146 2.100000
v 6.482570 3.801146 -2.100000
v 6.635001 3.810000 2.100000
v 6.635001 3.810000 -2.100000
v 6.799364 3.801720 2.100000
v 6.799364 3.801720 -2.100000
v 6.952407 3.777084 2.100000
v 6.952407 3.777084 -2.100000
v 7.094063 3.736407 2.100000
v 7.094063 3.736407 -2.100000
v 7.224259 3.680001 2.100000
v 7.224259 3.680001 -2.100000
v 7.342929 3.608178 2.100000
v 7.342929 3.608178 -2.100000
v 7.450001 3.521250 2.100000
v 7.450001 3.521250 -2.100000
v 7.545405 3.419532 2.100000
v 7.545405 3.419532 -2.100000
v 7.629075 3.303334 2.100000
v 7.629075 3.303334 -2.100000
v 7.700938 3.172969 2.100000
v 7.700938 3.172969 -2.100000
v 7.760926 3.028750 2.100000
v 7.760926 3.028750 -2.100000
v 7.808971 2.870990 2.100000
v 7.808971 2.870990 -2.100000
v 7.845001 2.700000 2.100000
v 7.845001 2.700000 -2.100000
v 5.585001 2.700000 2.100000
v 5.585001 2.700000 -2.100000
v 2.855000 3.900000 2.100000
v 2.855000 3.900000 -2.100000
v 2.766759 4.003710 2.100000
v 2.766759 4.003710 -2.100000
v 2.672408 4.099676 2.100000
v 2.672408 4.099676 -2.100000
v 2.572500 4.187656 2.100000
v 2.572500 4.187656 -2.100000
v 2.467593 4.267407 2.100000
v 2.467593 4.267407 -2.100000
v 2.358241 4.338686 2.100000
v 2.358241 4.338686 -2.100000
v 2.245000 4.401250 2.100000
v 2.245000 4.401250 -2.100000
v 2.128426 4.454855 2.100000
v 2.128426 4.454855 -2.100000
v 2.009074 4.499259 2.100000
v 2.009074 4.499259 -2.100000
v 1.887500 4.534219 2.100000
v 1.887500 4.534219 -2.100000
v 1.764259 4.559491 2.100000
v 1.764259 4.559491 -2.100000
v 1.639907 4.574832 2.100000
v 1.639907 4.574832 -2.100000
v 1.515000 4.580000 2.100000
v 1.515000 4.580000 -2.100000
v 1.306337 4.567877 2.100000
v 1.306337 4.567877 -2.100000
v 1.106528 4.531343 2.100000
v 1.106528 4.531343 -2.100000
v 0.917344 4.470157 2.100000
v 0.917344 4.470157 -2.100000
v 0.740555 4.384074 2.100000
v 0.740555 4.384074 -2.100000
v 0.577934 4.272853 2.100000
v 0.577934 4.272853 -2.100000
v 0.431250 4.136250 2.100000
v 0.431250 4.136250 -2.100000
v 0.302274 3.974022 2.100000
v 0.302274 3.974022 -2.100000
v 0.192778 3.785926 2.100000
v 0.192778 3.785926 -2.100000
v 0.104531 3.571719 2.100000
v 0.104531 3.571719 -2.100000
v 0.039305 3.331157 2.100000
v 0.039305 3.331157 -2.100000
v -0.001129 3.063999 2.100000
v -0.001129 3.063999 -2.100000
v -0.015000 2.770000 2.100000
v -0.015000 2.770000 -2.100000
v -0.015000 0.000000 2.100000
v -0.015000 -0.000000 -2.100000
v 0.875000 0.000000 2.100000
v 0.875000 -0.000000 -2.100000
v 0.875000 2.780000 2.100000
v 0.875000 2.780000 -2.100000
v 0.882002 2.940093 2.100000
v 0.882002 2.940093 -2.100000
v 0.902685 3.089907 2.100000
v 0.902685 3.089907 -2.100000
v 0.936562 3.228750 2.100000
v 0.936562 3.228750 -2.100000
v 0.983148 3.355926 2.100000
v 0.983148 3.355926 -2.100000
v 1.041956 3.470741 2.100000
v 1.041956 3.470741 -2.100000
v 1.112500 3.572500 2.100000
v 1.112500 3.572500 -2.100000
v 1.194294 3.660509 2.100000
v 1.194294 3.660509 -2.100000
v 1.286852 3.734074 2.100000
v 1.286852 3.734074 -2.100000
v 1.389687 3.792500 2.100000
v 1.389687 3.792500 -2.100000
v 1.502315 3.835093 2.100000
v 1.502315 3.835093 -2.100000
v 1.624247 3.861158 2.100000
v 1.624247 3.861158 -2.100000
v 1.755000 3.870000 2.100000
v 1.755000 3.870000 -2.100000
v 1.850943 3.866187 2.100000
v 1.850943 3.866187 -2.100000
v 1.944213 3.854491 2.100000
v 1.944213 3.854491 -2.100000
v 2.035469 3.834532 2.100000
v 2.035469 3.834532 -2.100000
v 2.125370 3.805926 2.100000
v 2.125370 3.805926 -2.100000
v 2.214577 3.768293 2.100000
v 2.214577 3.768293 -2.100000
v 2.303750 3.721250 2.100000
v 2.303750 3.721250 -2.100000
v 2.393548 3.664416 2.100000
v 2.393548 3.664416 -2.100000
v 2.484630 3.597408 2.100000
v 2.484630 3.597408 -2.100000
v 2.577656 3.519844 2.100000
v 2.577656 3.519844 -2.100000
v 2.673287 3.431343 2.100000
v 2.673287 3.431343 -2.100000
v 2.772182 3.331522 2.100000
v 2.772182 3.331522 -2.100000
v 2.875000 3.220000 2.100000
v 2.875000 3.220000 -2.100000
v 2.875000 0.000000 2.100000
v 2.875000 -0.000000 -2.100000
v 3.765000 0.000000 2.100000
v 3.765000 -0.000000 -2.100000
v 3.765000 4.490000 2.100000
v 3.765000 4.490000 -2.100000
v 2.875000 4.490000 2.100000
v 2.875000 4.490000 -2.100000
v 2.875000 3.900000 2.100000
v 2.875000 3.900000 -2.100000
v -3.245000 0.000000 2.100000
v -3.245000 -0.000000 -2.100000
v -2.920614 0.018738 2.100000
v -2.920614 0.018738 -2.100000
v -2.618241 0.074074 2.100000
v -2.618241 0.074074 -2.100000
v -2.339063 0.164687 2.100000
v -2.339063 0.164687 -2.100000
v -2.084260 0.289259 2.100000
v -2.084260 0.289259 -2.100000
v -1.855012 0.446470 2.100000
v -1.855012 0.446470 -2.100000
v -1.652500 0.635000 2.100000
v -1.652500 0.635000 -2.100000
v -1.477905 0.853530 2.100000
v -1.477905 0.853530 -2.100000
v -1.332407 1.100741 2.100000
v -1.332407 1.100741 -2.100000
v -1.217188 1.375313 2.100000
v -1.217188 1.375312 -2.100000
v -1.133426 1.675926 2.100000
v -1.133426 1.675926 -2.100000
v -1.082303 2.001262 2.100000
v -1.082303 2.001262 -2.100000
v -1.065000 2.350000 2.100000
v -1.065000 2.350000 -2.100000
v -1.084057 2.666967 2.100000
v -1.084057 2.666967 -2.100000
v -1.139954 2.966574 2.100000
v -1.139954 2.966574 -2.100000
v -1.230781 3.246875 2.100000
v -1.230781 3.246875 -2.100000
v -1.354630 3.505926 2.100000
v -1.354630 3.505926 -2.100000
v -1.509589 3.741783 2.100000
v -1.509589 3.741783 -2.100000
v -1.693750 3.952500 2.100000
v -1.693750 3.952500 -2.100000
v -1.905203 4.136135 2.100000
v -1.905203 4.136135 -2.100000
v -2.142037 4.290741 2.100000
v -2.142037 4.290741 -2.100000
v -2.402344 4.414375 2.100000
v -2.402344 4.414375 -2.100000
v -2.684213 4.505093 2.100000
v -2.684213 4.505093 -2.100000
v -2.985735 4.560949 2.100000
v -2.985735 4.560949 -2.100000
v -3.305000 4.580000 2.100000
v -3.305000 4.580000 -2.100000
v -3.379642 4.578941 2.100000
v -3.379642 4.578941 -2.100000
v -3.453796 4.575695 2.100000
v -3.453796 4.575695 -2.100000
v -3.527813 4.570157 2.100000
v -3.527813 4.570157 -2.100000
v -3.602037 4.562222 2.100000
v -3.602037 4.562222 -2.100000
v -3.676817 4.551788 2.100000
v -3.676817 4.551788 -2.100000
v -3.752500 4.538750 2.100000
v -3.752500 4.538750 -2.100000
v -3.829433 4.523004 2.100000
v -3.829433 4.523004 -2.100000
v -3.907963 4.504445 2.100000
v -3.907963 4.504445 -2.100000
v -3.988438 4.482969 2.100000
v -3.988438 4.482969 -2.100000
v -4.071204 4.458472 2.100000
v -4.071204 4.458472 -2.100000
v -4.156609 4.430851 2.100000
v -4.156609 4.430851 -2.100000
v -4.245000 4.400000 2.100000
v -4.245000 4.400000 -2.100000
v -4.245000 6.820001 2.100000
v -4.245000 6.820001 -2.100000
v -5.135000 6.820001 2.100000
v -5.135000 6.820001 -2.100000
v -5.135000 0.000000 2.100000
v -5.135000 -0.000000 -2.100000
v -4.171377 3.638554 2.100000
v -4.171377 3.638554 -2.100000
v -4.100185 3.664260 2.100000
v -4.100185 3.664260 -2.100000
v -4.030938 3.687188 2.100000
v -4.030938 3.687188 -2.100000
v -3.963148 3.707408 2.100000
v -3.963148 3.707408 -2.100000
v -3.896331 3.724989 2.100000
v -3.896331 3.724989 -2.100000
v -3.830000 3.740000 2.100000
v -3.830000 3.740000 -2.100000
v -3.763669 3.752512 2.100000
v -3.763669 3.752512 -2.100000
v -3.696852 3.762593 2.100000
v -3.696852 3.762593 -2.100000
v -3.629063 3.770313 2.100000
v -3.629063 3.770313 -2.100000
v -3.559815 3.775741 2.100000
v -3.559815 3.775741 -2.100000
v -3.488623 3.778947 2.100000
v -3.488623 3.778947 -2.100000
v -3.415000 3.780000 2.100000
v -3.415000 3.780000 -2.100000
v -3.206007 3.767257 2.100000
v -3.206007 3.767257 -2.100000
v -3.009722 3.729722 2.100000
v -3.009722 3.729722 -2.100000
v -2.827188 3.668437 2.100000
v -2.827188 3.668437 -2.100000
v -2.659445 3.584445 2.100000
v -2.659445 3.584445 -2.100000
v -2.507535 3.478785 2.100000
v -2.507535 3.478785 -2.100000
v -2.372500 3.352500 2.100000
v -2.372500 3.352500 -2.100000
v -2.255382 3.206632 2.100000
v -2.255382 3.206632 -2.100000
v -2.157222 3.042222 2.100000
v -2.157222 3.042222 -2.100000
v -2.079063 2.860313 2.100000
v -2.079063 2.860313 -2.100000
v -2.021945 2.661945 2.100000
v -2.021945 2.661945 -2.100000
v -1.986910 2.448160 2.100000
v -1.986910 2.448160 -2.100000
v -1.975000 2.220000 2.100000
v -1.975000 2.220000 -2.100000
v -1.982285 2.014618 2.100000
v -1.982285 2.014618 -2.100000
v -2.004953 1.819445 2.100000
v -2.004953 1.819445 -2.100000
v -2.044218 1.635938 2.100000
v -2.044218 1.635938 -2.100000
v -2.101296 1.465556 2.100000
v -2.101296 1.465556 -2.100000
v -2.177401 1.309757 2.100000
v -2.177401 1.309757 -2.100000
v -2.273750 1.170000 2.100000
v -2.273750 1.170000 -2.100000
v -2.391557 1.047743 2.100000
v -2.391557 1.047743 -2.100000
v -2.532037 0.944445 2.100000
v -2.532037 0.944444 -2.100000
v -2.696406 0.861563 2.100000
v -2.696406 0.861562 -2.100000
v -2.885880 0.800556 2.100000
v -2.885880 0.800556 -2.100000
v -3.101673 0.762882 2.100000
v -3.101673 0.762882 -2.100000
v -3.345000 0.750000 2.100000
v -3.345000 0.750000 -2.100000
v -4.245000 0.750000 2.100000
v -4.245000 0.750000 -2.100000
v -4.245000 3.610000 2.100000
v -4.245000 3.610000 -2.100000
v -6.375000 0.000000 2.100000
v -6.375000 -0.000000 -2.100000
v -6.375000 4.490000 2.100000
v -6.375000 4.490000 -2.100000
v -7.265000 4.490000 2.100000
v -7.265000 4.490000 -2.100000
v -7.265000 0.000000 2.100000
v -7.265000 -0.000000 -2.100000
v -6.753652 5.324889 2.100000
v -6.753652 5.324889 -2.100000
v -6.685047 5.339120 2.100000
v -6.685047 5.339120 -2.100000
v -6.619844 5.362031 2.100000
v -6.619844 5.362031 -2.100000
v -6.558704 5.392962 2.100000
v -6.558704 5.392962 -2.100000
v -6.502286 5.431256 2.100000
v -6.502286 5.431256 -2.100000
v -6.451250 5.476250 2.100000
v -6.451250 5.476250 -2.100000
v -6.406256 5.527286 2.100000
v -6.406256 5.527286 -2.100000
v -6.367963 5.583704 2.100000
v -6.367963 5.583704 -2.100000
v -6.337031 5.644844 2.100000
v -6.337031 5.644844 -2.100000
v -6.314120 5.710046 2.100000
v -6.314120 5.710046 -2.100000
v -6.299890 5.778652 2.100000
v -6.299890 5.778652 -2.100000
v -6.295000 5.850000 2.100000
v -6.295000 5.850000 -2.100000
v -6.299889 5.921348 2.100000
v -6.299889 5.921348 -2.100000
v -6.314120 5.989953 2.100000
v -6.314120 5.989953 -2.100000
v -6.337030 6.055156 2.100000
v -6.337030 6.055156 -2.100000
v -6.367962 6.116296 2.100000
v -6.367962 6.116296 -2.100000
v -6.406255 6.172714 2.100000
v -6.406255 6.172714 -2.100000
v -6.451250 6.223750 2.100000
v -6.451250 6.223750 -2.100000
v -6.502285 6.268744 2.100000
v -6.502285 6.268744 -2.100000
v -6.558703 6.307037 2.100000
v -6.558703 6.307037 -2.100000
v -6.619843 6.337969 2.100000
v -6.619843 6.337969 -2.100000
v -6.685046 6.360879 2.100000
v -6.685046 6.360879 -2.100000
v -6.753652 6.375110 2.100000
v -6.753652 6.375110 -2.100000
v -6.825000 6.380000 2.100000
v -6.825000 6.380000 -2.100000
v -6.896348 6.375112 2.100000
v -6.896348 6.375112 -2.100000
v -6.964953 6.360881 2.100000
v -6.964953 6.360881 -2.100000
v -7.030156 6.337970 2.100000
v -7.030156 6.337970 -2.100000
v -7.091296 6.307038 2.100000
v -7.091296 6.307038 -2.100000
v -7.147713 6.268745 2.100000
v -7.147713 6.268745 -2.100000
v -7.198749 6.223751 2.100000
v -7.198749 6.223751 -2.100000
v -7.243743 6.172715 2.100000
v -7.243743 6.172715 -2.100000
v -7.282037 6.116297 2.100000
v -7.282037 6.116297 -2.100000
v -7.312968 6.055157 2.100000
v -7.312968 6.055157 -2.100000
v -7.335879 5.989954 2.100000
v -7.335879 5.989954 -2.100000
v -7.350110 5.921349 2.100000
v -7.350110 5.921349 -2.100000
v -7.355000 5.850000 2.100000
v -7.355000 5.850000 -2.100000
v -7.350111 5.778652 2.100000
v -7.350111 5.778652 -2.100000
v -7.335880 5.710047 2.100000
v -7.335880 5.710047 -2.100000
v -7.312970 5.644844 2.100000
v -7.312970 5.644844 -2.100000
v -7.282038 5.583704 2.100000
v -7.282038 5.583704 -2.100000
v -7.243745 5.527287 2.100000
v -7.243745 5.527287 -2.100000
v -7.198750 5.476251 2.100000
v -7.198750 5.476251 -2.100000
v -7.147715 5.431256 2.100000
v -7.147715 5.431256 -2.100000
v -7.091297 5.392963 2.100000
v -7.091297 5.392963 -2.100000
v -7.030157 5.362031 2.100000
v -7.030157 5.362031 -2.100000
v -6.964954 5.339121 2.100000
v -6.964954 5.339121 -2.100000
v -6.896348 5.324890 2.100000
v -6.896348 5.324890 -2.100000
v -6.825000 5.320000 2.100000
v -6.825000 5.320000 -2.100000
v -11.005001 4.490000 2.100000
v -11.005001 4.490000 -2.100000
v -11.005001 3.690000 2.100000
v -11.005001 3.690000 -2.100000
v -9.585001 3.690000 2.100000
v -9.585001 3.690000 -2.100000
v -9.585001 1.390000 2.100000
v -9.585001 1.390000 -2.100000
v -9.592629 1.265284 2.100000
v -9.592629 1.265284 -2.100000
v -9.614354 1.155602 2.100000
v -9.614354 1.155602 -2.100000
v -9.648439 1.060156 2.100000
v -9.648439 1.060156 -2.100000
v -9.693150 0.978148 2.100000
v -9.693150 0.978148 -2.100000
v -9.746750 0.908779 2.100000
v -9.746750 0.908779 -2.100000
v -9.807502 0.851250 2.100000
v -9.807502 0.851250 -2.100000
v -9.873671 0.804763 2.100000
v -9.873671 0.804763 -2.100000
v -9.943520 0.768519 2.100000
v -9.943520 0.768518 -2.100000
v -10.015314 0.741719 2.100000
v -10.015314 0.741719 -2.100000
v -10.087317 0.723565 2.100000
v -10.087317 0.723565 -2.100000
v -10.157790 0.713258 2.100000
v -10.157790 0.713258 -2.100000
v -10.225000 0.710000 2.100000
v -10.225000 0.710000 -2.100000
v -10.305219 0.712292 2.100000
v -10.305219 0.712292 -2.100000
v -10.385924 0.719167 2.100000
v -10.385924 0.719167 -2.100000
v -10.467186 0.730625 2.100000
v -10.467186 0.730625 -2.100000
v -10.549073 0.746667 2.100000
v -10.549073 0.746667 -2.100000
v -10.631655 0.767292 2.100000
v -10.631655 0.767292 -2.100000
v -10.714999 0.792500 2.100000
v -10.714999 0.792500 -2.100000
v -10.799178 0.822292 2.100000
v -10.799178 0.822292 -2.100000
v -10.884258 0.856667 2.100000
v -10.884258 0.856667 -2.100000
v -10.970312 0.895625 2.100000
v -10.970312 0.895625 -2.100000
v -11.057407 0.939167 2.100000
v -11.057407 0.939166 -2.100000
v -11.145615 0.987292 2.100000
v -11.145615 0.987292 -2.100000
v -11.235001 1.040000 2.100000
v -11.235001 1.040000 -2.100000
v -11.235001 0.210000 2.100000
v -11.235001 0.210000 -2.100000
v -11.154166 0.168385 2.100000
v -11.154166 0.168385 -2.100000
v -11.067500 0.128750 2.100000
v -11.067500 0.128750 -2.100000
v -10.976250 0.091406 2.100000
v -10.976250 0.091406 -2.100000
v -10.881667 0.056667 2.100000
v -10.881667 0.056667 -2.100000
v -10.785000 0.024844 2.100000
v -10.785000 0.024844 -2.100000
v -10.687500 -0.003750 2.100000
v -10.687500 -0.003750 -2.100000
v -10.590418 -0.028802 2.100000
v -10.590418 -0.028802 -2.100000
v -10.495001 -0.050000 2.100000
v -10.495001 -0.050000 -2.100000
v -10.402500 -0.067031 2.100000
v -10.402500 -0.067031 -2.100000
v -10.314168 -0.079583 2.100000
v -10.314168 -0.079583 -2.100000
v -10.231251 -0.087344 2.100000
v -10.231251 -0.087344 -2.100000
v -10.155001 -0.090000 2.100000
v -10.155001 -0.090000 -2.100000
v -9.922506 -0.077726 2.100000
v -9.922506 -0.077726 -2.100000
v -9.710047 -0.041806 2.100000
v -9.710047 -0.041806 -2.100000
v -9.517656 0.016406 2.100000
v -9.517656 0.016406 -2.100000
v -9.345370 0.095555 2.100000
v -9.345370 0.095555 -2.100000
v -9.193224 0.194288 2.100000
v -9.193224 0.194288 -2.100000
v -9.061251 0.311250 2.100000
v -9.061251 0.311250 -2.100000
v -8.949486 0.445087 2.100000
v -8.949486 0.445087 -2.100000
v -8.857964 0.594444 2.100000
v -8.857964 0.594444 -2.100000
v -8.786719 0.757969 2.100000
v -8.786719 0.757968 -2.100000
v -8.735788 0.934306 2.100000
v -8.735788 0.934305 -2.100000
v -8.705204 1.122101 2.100000
v -8.705204 1.122100 -2.100000
v -8.695001 1.320000 2.100000
v -8.695001 1.320000 -2.100000
v -8.695001 3.690000 2.100000
v -8.695001 3.690000 -2.100000
v -7.915001 3.690000 2.100000
v -7.915001 3.690000 -2.100000
v -7.915001 3.790000 2.100000
v -7.915001 3.790000 -2.100000
v -9.585001 5.420001 2.100000
v -9.585001 5.420001 -2.100000
v -9.585001 4.490000 2.100000
v -9.585001 4.490000 -2.100000
v -11.895000 0.000000 2.100000
v -11.895000 -0.000000 -2.100000
v -11.895000 4.490000 2.100000
v -11.895000 4.490000 -2.100000
v -12.785001 4.490000 2.100000
v -12.785001 4.490000 -2.100000
v -12.785001 0.000000 2.100000
v -12.785001 -0.000000 -2.100000
v -12.273651 5.324889 2.100000
v -12.273651 5.324889 -2.100000
v -12.205047 5.339120 2.100000
v -12.205047 5.339120 -2.100000
v -12.139844 5.362031 2.100000
v -12.139844 5.362031 -2.100000
v -12.078704 5.392962 2.100000
v -12.078704 5.392962 -2.100000
v -12.022285 5.431256 2.100000
v -12.022285 5.431256 -2.100000
v -11.971250 5.476250 2.100000
v -11.971250 5.476250 -2.100000
v -11.926255 5.527286 2.100000
v -11.926255 5.527286 -2.100000
v -11.887962 5.583704 2.100000
v -11.887962 5.583704 -2.100000
v -11.857032 5.644844 2.100000
v -11.857032 5.644844 -2.100000
v -11.834121 5.710046 2.100000
v -11.834121 5.710046 -2.100000
v -11.819891 5.778652 2.100000
v -11.819891 5.778652 -2.100000
v -11.815001 5.850000 2.100000
v -11.815001 5.850000 -2.100000
v -11.819892 5.921348 2.100000
v -11.819892 5.921348 -2.100000
v -11.834122 5.989953 2.100000
v -11.834122 5.989953 -2.100000
v -11.857033 6.055156 2.100000
v -11.857033 6.055156 -2.100000
v -11.887964 6.116296 2.100000
v -11.887964 6.116296 -2.100000
v -11.926256 6.172714 2.100000
v -11.926256 6.172714 -2.100000
v -11.971251 6.223750 2.100000
v -11.971251 6.223750 -2.100000
v -12.022286 6.268744 2.100000
v -12.022286 6.268744 -2.100000
v -12.078705 6.307037 2.100000
v -12.078705 6.307037 -2.100000
v -12.139845 6.337969 2.100000
v -12.139845 6.337969 -2.100000
v -12.205048 6.360879 2.100000
v -12.205048 6.360879 -2.100000
v -12.273653 6.375110 2.100000
v -12.273653 6.375110 -2.100000
v -12.345000 6.380000 2.100000
v -12.345000 6.380000 -2.100000
v -12.416349 6.375112 2.100000
v -12.416349 6.375112 -2.100000
v -12.484955 6.360881 2.100000
v -12.484955 6.360881 -2.100000
v -12.550158 6.337970 2.100000
v -12.550158 6.337970 -2.100000
v -12.611298 6.307038 2.100000
v -12.611298 6.307038 -2.100000
v -12.667715 6.268745 2.100000
v -12.667715 6.268745 -2.100000
v -12.718752 6.223751 2.100000
v -12.718752 6.223751 -2.100000
v -12.763746 6.172715 2.100000
v -12.763746 6.172715 -2.100000
v -12.802038 6.116297 2.100000
v -12.802038 6.116297 -2.100000
v -12.832970 6.055157 2.100000
v -12.832970 6.055157 -2.100000
v -12.855881 5.989954 2.100000
v -12.855881 5.989954 -2.100000
v -12.870111 5.921349 2.100000
v -12.870111 5.921349 -2.100000
v -12.875000 5.850000 2.100000
v -12.875000 5.850000 -2.100000
v -12.870110 5.778652 2.100000
v -12.870110 5.778652 -2.100000
v -12.855879 5.710047 2.100000
v -12.855879 5.710047 -2.100000
v -12.832968 5.644844 2.100000
v -12.832968 5.644844 -2.100000
v -12.802037 5.583704 2.100000
v -12.802037 5.583704 -2.100000
v -12.763744 5.527287 2.100000
v -12.763744 5.527287 -2.100000
v -12.718750 5.476251 2.100000
v -12.718750 5.476251 -2.100000
v -12.667714 5.431256 2.100000
v -12.667714 5.431256 -2.100000
v -12.611296 5.392963 2.100000
v -12.611296 5.392963 -2.100000
v -12.550156 5.362031 2.100000
v -12.550156 5.362031 -2.100000
v -12.484953 5.339121 2.100000
v -12.484953 5.339121 -2.100000
v -12.416348 5.324890 2.100000
v -12.416348 5.324890 -2.100000
v -12.345000 5.320000 2.100000
v -12.345000 5.320000 -2.100000
v -18.574688 1.944873 2.100000
v -18.574688 1.944872 -2.100000
v -18.515001 1.620648 2.100000
v -18.515001 1.620648 -2.100000
v -18.417814 1.319063 2.100000
v -18.417814 1.319062 -2.100000
v -18.285002 1.041852 2.100000
v -18.285002 1.041852 -2.100000
v -18.118439 0.790752 2.100000
v -18.118439 0.790752 -2.100000
v -17.920002 0.567500 2.100000
v -17.920002 0.567500 -2.100000
v -17.691565 0.373831 2.100000
v -17.691565 0.373831 -2.100000
v -17.435001 0.211482 2.100000
v -17.435001 0.211481 -2.100000
v -17.152191 0.082188 2.100000
v -17.152191 0.082187 -2.100000
v -16.845001 -0.012315 2.100000
v -16.845001 -0.012315 -2.100000
v -16.515314 -0.070289 2.100000
v -16.515314 -0.070290 -2.100000
v -16.165001 -0.090000 2.100000
v -16.165001 -0.090000 -2.100000
v -15.828474 -0.069526 2.100000
v -15.828474 -0.069526 -2.100000
v -15.510279 -0.009537 2.100000
v -15.510279 -0.009538 -2.100000
v -15.212502 0.087812 2.100000
v -15.212502 0.087812 -2.100000
v -14.937223 0.220370 2.100000
v -14.937223 0.220370 -2.100000
v -14.686528 0.385984 2.100000
v -14.686528 0.385983 -2.100000
v -14.462501 0.582500 2.100000
v -14.462501 0.582500 -2.100000
v -14.267223 0.807766 2.100000
v -14.267223 0.807766 -2.100000
v -14.102778 1.059630 2.100000
v -14.102778 1.059629 -2.100000
v -13.971251 1.335938 2.100000
v -13.971251 1.335937 -2.100000
v -13.874723 1.634537 2.100000
v -13.874723 1.634537 -2.100000
v -13.815279 1.953276 2.100000
v -13.815279 1.953275 -2.100000
v -13.795002 2.290000 2.100000
v -13.795002 2.290000 -2.100000
v -13.816043 2.606048 2.100000
v -13.816043 2.606048 -2.100000
v -13.877501 2.907547 2.100000
v -13.877501 2.907547 -2.100000
v -13.976877 3.192032 2.100000
v -13.976877 3.192032 -2.100000
v -14.111668 3.457038 2.100000
v -14.111668 3.457038 -2.100000
v -14.279376 3.700099 2.100000
v -14.279376 3.700099 -2.100000
v -14.477501 3.918751 2.100000
v -14.477501 3.918751 -2.100000
v -14.703543 4.110528 2.100000
v -14.703543 4.110528 -2.100000
v -14.955002 4.272964 2.100000
v -14.955002 4.272964 -2.100000
v -15.229377 4.403594 2.100000
v -15.229377 4.403594 -2.100000
v -15.524168 4.499954 2.100000
v -15.524168 4.499954 -2.100000
v -15.836877 4.559578 2.100000
v -15.836877 4.559578 -2.100000
v -16.165001 4.580000 2.100000
v -16.165001 4.580000 -2.100000
v -16.509012 4.560343 2.100000
v -16.509012 4.560343 -2.100000
v -16.834585 4.502733 2.100000
v -16.834585 4.502733 -2.100000
v -17.139532 4.409220 2.100000
v -17.139532 4.409220 -2.100000
v -17.421667 4.281853 2.100000
v -17.421667 4.281853 -2.100000
v -17.678802 4.122680 2.100000
v -17.678802 4.122680 -2.100000
v -17.908751 3.933751 2.100000
v -17.908751 3.933751 -2.100000
v -18.109324 3.717113 2.100000
v -18.109324 3.717113 -2.100000
v -18.278334 3.474815 2.100000
v -18.278334 3.474815 -2.100000
v -18.413595 3.208907 2.100000
v -18.413595 3.208907 -2.100000
v -18.512918 2.921436 2.100000
v -18.512918 2.921436 -2.100000
v -18.574116 2.614450 2.100000
v -18.574116 2.614450 -2.100000
v -18.595001 2.290000 2.100000
v -18.595001 2.290000 -2.100000
v -14.717108 2.059346 2.100000
v -14.717108 2.059346 -2.100000
v -14.752687 1.843102 2.100000
v -14.752687 1.843102 -2.100000
v -14.810627 1.642344 2.100000
v -14.810627 1.642344 -2.100000
v -14.889816 1.458148 2.100000
v -14.889816 1.458148 -2.100000
v -14.989145 1.291592 2.100000
v -14.989145 1.291591 -2.100000
v -15.107502 1.143750 2.100000
v -15.107502 1.143750 -2.100000
v -15.243774 1.015700 2.100000
v -15.243774 1.015700 -2.100000
v -15.396853 0.908519 2.100000
v -15.396853 0.908518 -2.100000
v -15.565626 0.823281 2.100000
v -15.565626 0.823281 -2.100000
v -15.748983 0.761065 2.100000
v -15.748983 0.761065 -2.100000
v -15.945812 0.722946 2.100000
v -15.945812 0.722945 -2.100000
v -16.155003 0.710000 2.100000
v -16.155003 0.710000 -2.100000
v -16.382572 0.722367 2.100000
v -16.382572 0.722367 -2.100000
v -16.594725 0.758936 2.100000
v -16.594725 0.758935 -2.100000
v -16.790627 0.818907 2.100000
v -16.790627 0.818906 -2.100000
v -16.969448 0.901482 2.100000
v -16.969448 0.901482 -2.100000
v -17.130350 1.005862 2.100000
v -17.130350 1.005862 -2.100000
v -17.272503 1.131250 2.100000
v -17.272503 1.131250 -2.100000
v -17.395073 1.276846 2.100000
v -17.395073 1.276846 -2.100000
v -17.497225 1.441852 2.100000
v -17.497225 1.441852 -2.100000
v -17.578127 1.625469 2.100000
v -17.578127 1.625469 -2.100000
v -17.636946 1.826898 2.100000
v -17.636946 1.826898 -2.100000
v -17.672848 2.045341 2.100000
v -17.672848 2.045341 -2.100000
v -17.685001 2.280000 2.100000
v -17.685001 2.280000 -2.100000
v -17.671894 2.492275 2.100000
v -17.671894 2.492275 -2.100000
v -17.633474 2.693195 2.100000
v -17.633474 2.693195 -2.100000
v -17.571095 2.881407 2.100000
v -17.571095 2.881407 -2.100000
v -17.486113 3.055556 2.100000
v -17.486113 3.055556 -2.100000
v -17.379879 3.214289 2.100000
v -17.379879 3.214289 -2.100000
v -17.253752 3.356251 2.100000
v -17.253752 3.356251 -2.100000
v -17.109081 3.480087 2.100000
v -17.109081 3.480087 -2.100000
v -16.947224 3.584445 2.100000
v -16.947224 3.584445 -2.100000
v -16.769533 3.667969 2.100000
v -16.769533 3.667969 -2.100000
v -16.577362 3.729306 2.100000
v -16.577362 3.729306 -2.100000
v -16.372068 3.767101 2.100000
v -16.372068 3.767101 -2.100000
v -16.155003 3.780000 2.100000
v -16.155003 3.780000 -2.100000
v -15.950013 3.767107 2.100000
v -15.950013 3.767107 -2.100000
v -15.755928 3.729352 2.100000
v -15.755928 3.729352 -2.100000
v -15.574064 3.668126 2.100000
v -15.574064 3.668126 -2.100000
v -15.405742 3.584815 2.100000
v -15.405742 3.584815 -2.100000
v -15.252281 3.480811 2.100000
v -15.252281 3.480811 -2.100000
v -15.115002 3.357501 2.100000
v -15.115002 3.357501 -2.100000
v -14.995221 3.216274 2.100000
v -14.995221 3.216274 -2.100000
v -14.894260 3.058519 2.100000
v -14.894260 3.058519 -2.100000
v -14.813438 2.885625 2.100000
v -14.813438 2.885625 -2.100000
v -14.754075 2.698982 2.100000
v -14.754075 2.698982 -2.100000
v -14.717489 2.499977 2.100000
v -14.717489 2.499977 -2.100000
v -14.705001 2.290000 2.100000
v -14.705001 2.290000 -2.100000
v -20.475002 3.900000 2.100000
v -20.475002 3.900000 -2.100000
v -20.563240 4.003710 2.100000
v -20.563240 4.003710 -2.100000
v -20.657593 4.099676 2.100000
v -20.657593 4.099676 -2.100000
v -20.757500 4.187656 2.100000
v -20.757500 4.187656 -2.100000
v -20.862406 4.267407 2.100000
v -20.862406 4.267407 -2.100000
v -20.971758 4.338686 2.100000
v -20.971758 4.338686 -2.100000
v -21.084999 4.401250 2.100000
v -21.084999 4.401250 -2.100000
v -21.201574 4.454855 2.100000
v -21.201574 4.454855 -2.100000
v -21.320927 4.499259 2.100000
v -21.320927 4.499259 -2.100000
v -21.442501 4.534219 2.100000
v -21.442501 4.534219 -2.100000
v -21.565742 4.559491 2.100000
v -21.565742 4.559491 -2.100000
v -21.690094 4.574832 2.100000
v -21.690094 4.574832 -2.100000
v -21.815002 4.580000 2.100000
v -21.815002 4.580000 -2.100000
v -22.023668 4.567877 2.100000
v -22.023668 4.567877 -2.100000
v -22.223476 4.531343 2.100000
v -22.223476 4.531343 -2.100000
v -22.412663 4.470157 2.100000
v -22.412663 4.470157 -2.100000
v -22.589451 4.384074 2.100000
v -22.589451 4.384074 -2.100000
v -22.752071 4.272853 2.100000
v -22.752071 4.272853 -2.100000
v -22.898754 4.136250 2.100000
v -22.898754 4.136250 -2.100000
v -23.027729 3.974022 2.100000
v -23.027729 3.974022 -2.100000
v -23.137226 3.785926 2.100000
v -23.137226 3.785926 -2.100000
v -23.225471 3.571719 2.100000
v -23.225471 3.571719 -2.100000
v -23.290699 3.331157 2.100000
v -23.290699 3.331157 -2.100000
v -23.331131 3.063999 2.100000
v -23.331131 3.063999 -2.100000
v -23.345003 2.770000 2.100000
v -23.345003 2.770000 -2.100000
v -23.345003 0.000000 2.100000
v -23.345003 -0.000000 -2.100000
v -22.455002 0.000000 2.100000
v -22.455002 -0.000000 -2.100000
v -22.455002 2.780000 2.100000
v -22.455002 2.780000 -2.100000
v -22.447996 2.940093 2.100000
v -22.447996 2.940093 -2.100000
v -22.427313 3.089907 2.100000
v -22.427313 3.089907 -2.100000
v -22.393436 3.228750 2.100000
v -22.393436 3.228750 -2.100000
v -22.346851 3.355926 2.100000
v -22.346851 3.355926 -2.100000
v -22.288044 3.470741 2.100000
v -22.288044 3.470741 -2.100000
v -22.217501 3.572500 2.100000
v -22.217501 3.572500 -2.100000
v -22.135706 3.660509 2.100000
v -22.135706 3.660509 -2.100000
v -22.043148 3.734074 2.100000
v -22.043148 3.734074 -2.100000
v -21.940311 3.792500 2.100000
v -21.940311 3.792500 -2.100000
v -21.827686 3.835093 2.100000
v -21.827686 3.835093 -2.100000
v -21.705753 3.861158 2.100000
v -21.705753 3.861158 -2.100000
v -21.575003 3.870000 2.100000
v -21.575003 3.870000 -2.100000
v -21.479061 3.866187 2.100000
v -21.479061 3.866187 -2.100000
v -21.385792 3.854491 2.100000
v -21.385792 3.854491 -2.100000
v -21.294535 3.834532 2.100000
v -21.294535 3.834532 -2.100000
v -21.204632 3.805926 2.100000
v -21.204632 3.805926 -2.100000
v -21.115425 3.768293 2.100000
v -21.115425 3.768293 -2.100000
v -21.026251 3.721250 2.100000
v -21.026251 3.721250 -2.100000
v -20.936453 3.664416 2.100000
v -20.936453 3.664416 -2.100000
v -20.845371 3.597408 2.100000
v -20.845371 3.597408 -2.100000
v -20.752344 3.519844 2.100000
v -20.752344 3.519844 -2.100000
v -20.656715 3.431343 2.100000
v -20.656715 3.431343 -2.100000
v -20.557821 3.331522 2.100000
v -20.557821 3.331522 -2.100000
v -20.455002 3.220000 2.100000
v -20.455002 3.220000 -2.100000
v -20.455002 0.000000 2.100000
v -20.455002 -0.000000 -2.100000
v -19.565002 0.000000 2.100000
v -19.565002 -0.000000 -2.100000
v -19.565002 4.490000 2.100000
v -19.565002 4.490000 -2.100000
v -20.455002 4.490000 2.100000
v -20.455002 4.490000 -2.100000
v -20.455002 3.900000 2.100000
v -20.455002 3.900000 -2.100000
vn -0.0000 -0.0000 -1.0000
vn -0.0000 -0.0000 1.0000
vn -0.4869 -0.8735 -0.0000
vn -0.5233 -0.8522 -0.0000
vn -0.4449 -0.8956 -0.0000
vn -0.3980 -0.9174 -0.0000
vn -0.3470 -0.9379 -0.0000
vn -0.2934 -0.9560 -0.0000
vn -0.2388 -0.9711 -0.0000
vn -0.1848 -0.9828 -0.0000
vn -0.1330 -0.9911 -0.0000
vn -0.0845 -0.9964 -0.0000
vn -0.0403 -0.9992 -0.0000
vn 0.0250 -0.9997 -0.0000
vn 0.1412 -0.9900 -0.0000
vn 0.2852 -0.9585 -0.0000
vn 0.4256 -0.9049 -0.0000
vn 0.5557 -0.8314 -0.0000
vn 0.6701 -0.7422 -0.0000
vn 0.7663 -0.6424 -0.0000
vn 0.8438 -0.5366 -0.0000
vn 0.7664 -0.6424 -0.0000
vn 0.9036 -0.4283 -0.0000
vn 0.9475 -0.3198 -0.0000
vn 0.9773 -0.2121 -0.0000
vn 0.9944 -0.1055 -0.0000
vn 1.0000 0.0004 -0.0000
vn 0.9940 0.1091 -0.0000
vn 0.9749 0.2227 -0.0000
vn 0.9406 0.3396 -0.0000
vn 0.8894 0.4571 -0.0000
vn 0.8205 0.5717 -0.0000
vn 0.7338 0.6793 -0.0000
vn 0.6309 0.7758 -0.0000
vn 0.7339 0.6793 -0.0000
vn 0.5145 0.8575 -0.0000
vn 0.3887 0.9214 -0.0000
vn 0.2581 0.9661 -0.0000
vn 0.1274 0.9919 -0.0000
vn 0.0020 1.0000 -0.0000
vn -0.1222 0.9925 -0.0000
vn -0.2545 0.9671 -0.0000
vn -0.3939 0.9192 -0.0000
vn -0.5324 0.8465 -0.0000
vn -0.6607 0.7506 -0.0000
vn -0.5325 0.8465 -0.0000
vn -0.7703 0.6377 -0.0000
vn -0.8564 0.5163 -0.0000
vn -0.9186 0.3951 -0.0000
vn -0.9599 0.2805 -0.0000
vn -0.9844 0.1760 -0.0000
vn -0.9966 0.0830 -0.0000
vn -0.7209 -0.6931 -0.0000
vn -0.7733 -0.6340 -0.0000
vn -0.9706 0.2406 -0.0000
vn -0.9427 0.3338 -0.0000
vn -0.9005 0.4348 -0.0000
vn -0.8413 0.5406 -0.0000
vn -0.7633 0.6461 -0.0000
vn -0.6671 0.7449 -0.0000
vn -0.5566 0.8308 -0.0000
vn -0.4378 0.8991 -0.0000
vn -0.3177 0.9482 -0.0000
vn -0.2026 0.9793 -0.0000
vn -0.0965 0.9953 -0.0000
vn -0.0076 1.0000 -0.0000
vn 0.0612 0.9981 -0.0000
vn 0.1212 0.9926 -0.0000
vn 0.1792 0.9838 -0.0000
vn 0.2344 0.9721 -0.0000
vn 0.2864 0.9581 -0.0000
vn 0.3347 0.9423 -0.0000
vn 0.3793 0.9253 -0.0000
vn 0.4201 0.9075 -0.0000
vn 0.4571 0.8894 -0.0000
vn 0.4904 0.8715 -0.0000
vn 0.5202 0.8540 -0.0000
vn -0.4825 0.8759 -0.0000
vn -0.8775 -0.4796 -0.0000
vn 0.9704 -0.2417 -0.0000
vn 0.9902 -0.1396 -0.0000
vn 0.9367 -0.3501 -0.0000
vn 0.9703 -0.2417 -0.0000
vn 0.8866 -0.4625 -0.0000
vn 0.8179 -0.5753 -0.0000
vn 0.7300 -0.6835 -0.0000
vn 0.6242 -0.7812 -0.0000
vn 0.5044 -0.8634 -0.0000
vn 0.3763 -0.9265 -0.0000
vn 0.5045 -0.8634 -0.0000
vn 0.2462 -0.9692 -0.0000
vn 0.1198 -0.9928 -0.0000
vn 0.0038 -1.0000 -0.0000
vn -0.1048 -0.9945 -0.0000
vn -0.2179 -0.9760 -0.0000
vn -0.3375 -0.9413 -0.0000
vn -0.4587 -0.8886 -0.0000
vn -0.5754 -0.8179 -0.0000
vn -0.6814 -0.7319 -0.0000
vn -0.7721 -0.6356 -0.0000
vn -0.8452 -0.5345 -0.0000
vn -0.7721 -0.6355 -0.0000
vn -0.9009 -0.4341 -0.0000
vn -0.9411 -0.3381 -0.0000
vn -0.9685 -0.2490 -0.0000
vn -0.7766 0.6300 -0.0000
vn 0.7383 0.6744 -0.0000
vn 0.4130 -0.9107 -0.0000
vn -0.9099 -0.4149 -0.0000
vn -0.0144 -0.9999 -0.0000
vn -0.4261 -0.9047 -0.0000
vn 0.9051 -0.4253 -0.0000
vn 1.0000 -0.0077 -0.0000
vn 0.9050 -0.4253 -0.0000
vn 0.9083 0.4183 -0.0000
vn -0.4162 0.9093 -0.0000
vn 0.0095 1.0000 -0.0000
vn 0.4247 0.9053 -0.0000
vn 0.0094 1.0000 -0.0000
vn -0.9061 0.4231 -0.0000
vn -1.0000 0.0091 -0.0000
vn 0.7071 0.7071 -0.0000
vn 0.7071 -0.7071 -0.0000
vn -0.0210 0.9998 -0.0000
vn -0.0888 0.9961 -0.0000
vn -0.1884 0.9821 -0.0000
vn -0.3000 0.9539 -0.0000
vn -0.4213 0.9069 -0.0000
vn -0.5473 0.8370 -0.0000
vn -0.6697 0.7426 -0.0000
vn -0.7793 0.6266 -0.0000
vn -0.8682 0.4962 -0.0000
vn -0.9326 0.3609 -0.0000
vn -0.9732 0.2298 -0.0000
vn -0.9940 0.1091 -0.0000
vn -1.0000 -0.0036 -0.0000
vn -0.9927 -0.1202 -0.0000
vn -0.9700 -0.2433 -0.0000
vn -0.9303 -0.3667 -0.0000
vn -0.8733 -0.4872 -0.0000
vn -0.7992 -0.6011 -0.0000
vn -0.7093 -0.7049 -0.0000
vn -0.6058 -0.7956 -0.0000
vn -0.4919 -0.8707 -0.0000
vn -0.3708 -0.9287 -0.0000
vn -0.2463 -0.9692 -0.0000
vn -0.1219 -0.9925 -0.0000
vn -0.0212 -0.9998 -0.0000
vn 0.0355 -0.9994 -0.0000
vn 0.0718 -0.9974 -0.0000
vn 0.1088 -0.9941 -0.0000
vn 0.1457 -0.9893 -0.0000
vn 0.1818 -0.9833 -0.0000
vn 0.2167 -0.9762 -0.0000
vn 0.2499 -0.9683 -0.0000
vn 0.2809 -0.9597 -0.0000
vn 0.3096 -0.9509 -0.0000
vn 0.3358 -0.9419 -0.0000
vn 0.3594 -0.9332 -0.0000
vn -0.5610 -0.8278 -0.0000
vn -0.7071 -0.7071 -0.0000
vn -0.3696 0.9292 -0.0000
vn -0.4020 0.9156 -0.0000
vn -0.3364 0.9417 -0.0000
vn -0.3025 0.9531 -0.0000
vn -0.2678 0.9635 -0.0000
vn -0.2323 0.9726 -0.0000
vn -0.1959 0.9806 -0.0000
vn -0.1586 0.9873 -0.0000
vn -0.1204 0.9927 -0.0000
vn -0.0812 0.9967 -0.0000
vn -0.0410 0.9992 -0.0000
vn 0.0219 0.9998 -0.0000
vn 0.1306 0.9914 -0.0000
vn 0.2623 0.9650 -0.0000
vn 0.1307 0.9914 -0.0000
vn 0.3915 0.9202 -0.0000
vn 0.5141 0.8577 -0.0000
vn 0.6269 0.7791 -0.0000
vn 0.7269 0.6867 -0.0000
vn 0.8122 0.5833 -0.0000
vn 0.8817 0.4718 -0.0000
vn 0.9348 0.3552 -0.0000
vn 0.9717 0.2361 -0.0000
vn 0.9931 0.1170 -0.0000
vn 1.0000 0.0061 -0.0000
vn 0.9954 -0.0958 -0.0000
vn 1.0000 0.0062 -0.0000
vn 0.9793 -0.2026 -0.0000
vn 0.9954 -0.0957 -0.0000
vn 0.9471 -0.3210 -0.0000
vn 0.8943 -0.4475 -0.0000
vn 0.9471 -0.3209 -0.0000
vn 0.8177 -0.5756 -0.0000
vn 0.7175 -0.6965 -0.0000
vn 0.5984 -0.8012 -0.0000
vn 0.4688 -0.8833 -0.0000
vn 0.3381 -0.9411 -0.0000
vn 0.2140 -0.9768 -0.0000
vn 0.1012 -0.9949 -0.0000
vn 0.0240 -0.9997 -0.0000
vn -0.8420 0.5394 -0.0000
vn 0.7378 0.6750 -0.0000
vn 0.4195 0.9077 -0.0000
vn 0.6874 0.7263 -0.0000
vn 0.6334 0.7738 -0.0000
vn 0.5760 0.8174 -0.0000
vn 0.5152 0.8571 -0.0000
vn 0.4510 0.8925 -0.0000
vn 0.3835 0.9235 -0.0000
vn 0.3128 0.9498 -0.0000
vn 0.2388 0.9711 -0.0000
vn 0.1618 0.9868 -0.0000
vn 0.0820 0.9966 -0.0000
vn -0.0083 1.0000 -0.0000
vn -0.1192 0.9929 -0.0000
vn -0.2443 0.9697 -0.0000
vn -0.3737 0.9276 -0.0000
vn -0.5025 0.8646 -0.0000
vn -0.6248 0.7808 -0.0000
vn -0.7342 0.6790 -0.0000
vn -0.8257 0.5642 -0.0000
vn -0.8965 0.4430 -0.0000
vn -0.9468 0.3219 -0.0000
vn -0.9786 0.2060 -0.0000
vn -0.9951 0.0985 -0.0000
vn -0.9997 0.0236 -0.0000
vn 0.9998 -0.0219 -0.0000
vn 0.9959 -0.0903 -0.0000
vn 0.9823 -0.1871 -0.0000
vn 0.9567 -0.2910 -0.0000
vn 0.9162 -0.4007 -0.0000
vn 0.8578 -0.5139 -0.0000
vn 0.7791 -0.6268 -0.0000
vn 0.6793 -0.7339 -0.0000
vn 0.5598 -0.8286 -0.0000
vn 0.4251 -0.9051 -0.0000
vn 0.2822 -0.9594 -0.0000
vn 0.1386 -0.9903 -0.0000
vn 0.0139 -0.9999 -0.0000
vn -0.0821 -0.9966 -0.0000
vn -0.1692 -0.9856 -0.0000
vn -0.2587 -0.9660 -0.0000
vn -0.3463 -0.9381 -0.0000
vn -0.4280 -0.9038 -0.0000
vn -0.5011 -0.8654 -0.0000
vn -0.5640 -0.8257 -0.0000
vn -0.6168 -0.7871 -0.0000
vn -0.6600 -0.7512 -0.0000
vn -0.6950 -0.7190 -0.0000
vn -0.7229 -0.6909 -0.0000
vn -0.9315 -0.3639 -0.0000
vn -0.7071 0.7071 -0.0000
vn 0.1191 -0.9929 -0.0000
vn 0.0288 -0.9996 -0.0000
vn 0.2449 -0.9695 -0.0000
vn 0.3749 -0.9271 -0.0000
vn 0.5037 -0.8639 -0.0000
vn 0.6252 -0.7805 -0.0000
vn 0.7333 -0.6799 -0.0000
vn 0.8236 -0.5671 -0.0000
vn 0.8940 -0.4481 -0.0000
vn 0.9446 -0.3283 -0.0000
vn 0.9772 -0.2122 -0.0000
vn 0.9947 -0.1025 -0.0000
vn 1.0000 0.0052 -0.0000
vn 0.9925 0.1219 -0.0000
vn 0.9692 0.2463 -0.0000
vn 0.9288 0.3706 -0.0000
vn 0.8710 0.4913 -0.0000
vn 0.7962 0.6050 -0.0000
vn 0.7060 0.7082 -0.0000
vn 0.6026 0.7981 -0.0000
vn 0.4889 0.8723 -0.0000
vn 0.3685 0.9296 -0.0000
vn 0.2448 0.9696 -0.0000
vn 0.1211 0.9926 -0.0000
vn 0.0227 0.9997 -0.0000
vn -0.0290 0.9996 -0.0000
vn -0.0592 0.9982 -0.0000
vn -0.0905 0.9959 -0.0000
vn -0.1223 0.9925 -0.0000
vn -0.1540 0.9881 -0.0000
vn -0.1852 0.9827 -0.0000
vn -0.2153 0.9766 -0.0000
vn -0.2439 0.9698 -0.0000
vn -0.2708 0.9626 -0.0000
vn -0.2958 0.9553 -0.0000
vn -0.3186 0.9479 -0.0000
vn 0.5790 0.8153 -0.0000
vn 0.3270 -0.9450 -0.0000
vn 0.3506 -0.9365 -0.0000
vn 0.3001 -0.9539 -0.0000
vn 0.2702 -0.9628 -0.0000
vn 0.2376 -0.9714 -0.0000
vn 0.2031 -0.9792 -0.0000
vn 0.1673 -0.9859 -0.0000
vn 0.1312 -0.9914 -0.0000
vn 0.0957 -0.9954 -0.0000
vn 0.0616 -0.9981 -0.0000
vn 0.0297 -0.9996 -0.0000
vn -0.0233 -0.9997 -0.0000
vn -0.1246 -0.9922 -0.0000
vn -0.2536 -0.9673 -0.0000
vn -0.3840 -0.9234 -0.0000
vn -0.5107 -0.8598 -0.0000
vn -0.6287 -0.7777 -0.0000
vn -0.7333 -0.6799 -0.0000
vn -0.8211 -0.5707 -0.0000
vn -0.8906 -0.4547 -0.0000
vn -0.9417 -0.3364 -0.0000
vn -0.9756 -0.2196 -0.0000
vn -0.9942 -0.1071 -0.0000
vn -1.0000 -0.0083 -0.0000
vn -0.9971 0.0755 -0.0000
vn -0.9867 0.1625 -0.0000
vn -0.9646 0.2639 -0.0000
vn -0.9254 0.3791 -0.0000
vn -0.8633 0.5047 -0.0000
vn -0.7743 0.6328 -0.0000
vn -0.6586 0.7525 -0.0000
vn -0.5231 0.8522 -0.0000
vn -0.3795 0.9252 -0.0000
vn -0.2398 0.9708 -0.0000
vn -0.1126 0.9936 -0.0000
vn -0.0264 0.9997 -0.0000
vn 0.8251 -0.5650 -0.0000
vn 0.2679 -0.9634 -0.0000
vn 0.1361 -0.9907 -0.0000
vn 0.3923 -0.9198 -0.0000
vn 0.5076 -0.8616 -0.0000
vn 0.6127 -0.7903 -0.0000
vn 0.7903 -0.6127 -0.0000
vn 0.8616 -0.5076 -0.0000
vn 0.9198 -0.3923 -0.0000
vn 0.9634 -0.2679 -0.0000
vn 0.9907 -0.1361 -0.0000
vn 1.0000 -0.0000 -0.0000
vn 0.9907 0.1361 -0.0000
vn 0.9634 0.2679 -0.0000
vn 0.9907 0.1360 -0.0000
vn 0.9198 0.3923 -0.0000
vn 0.8616 0.5076 -0.0000
vn 0.7903 0.6127 -0.0000
vn 0.6127 0.7903 -0.0000
vn 0.5076 0.8616 -0.0000
vn 0.3923 0.9198 -0.0000
vn 0.2679 0.9634 -0.0000
vn 0.1361 0.9907 -0.0000
vn -0.0000 1.0000 -0.0000
vn -0.1360 0.9907 -0.0000
vn -0.2679 0.9634 -0.0000
vn -0.3923 0.9198 -0.0000
vn -0.5076 0.8616 -0.0000
vn -0.6127 0.7903 -0.0000
vn -0.7903 0.6127 -0.0000
vn -0.8616 0.5076 -0.0000
vn -0.9198 0.3923 -0.0000
vn -0.8616 0.5075 -0.0000
vn -0.9634 0.2679 -0.0000
vn -0.9907 0.1361 -0.0000
vn -1.0000 -0.0000 -0.0000
vn -0.9907 -0.1360 -0.0000
vn -0.9634 -0.2679 -0.0000
vn -0.9198 -0.3923 -0.0000
vn -0.8616 -0.5075 -0.0000
vn -0.7903 -0.6127 -0.0000
vn -0.8616 -0.5076 -0.0000
vn -0.6127 -0.7903 -0.0000
vn -0.5076 -0.8616 -0.0000
vn -0.3923 -0.9198 -0.0000
vn -0.2679 -0.9634 -0.0000
vn -0.1361 -0.9907 -0.0000
vn -0.0000 -1.0000 -0.0000
vn -0.9995 0.0305 -0.0000
vn -0.9918 0.1280 -0.0000
vn -0.9640 0.2660 -0.0000
vn -0.9127 0.4087 -0.0000
vn -0.8373 0.5468 -0.0000
vn -0.9126 0.4087 -0.0000
vn -0.7417 0.6708 -0.0000
vn -0.6329 0.7742 -0.0000
vn -0.5189 0.8548 -0.0000
vn -0.4059 0.9139 -0.0000
vn -0.2976 0.9547 -0.0000
vn -0.1948 0.9808 -0.0000
vn -0.2975 0.9547 -0.0000
vn -0.0967 0.9953 -0.0000
vn -0.0099 1.0000 -0.0000
vn 0.0567 0.9984 -0.0000
vn 0.1123 0.9937 -0.0000
vn 0.1660 0.9861 -0.0000
vn 0.2173 0.9761 -0.0000
vn 0.2660 0.9640 -0.0000
vn 0.2174 0.9761 -0.0000
vn 0.3117 0.9502 -0.0000
vn 0.3542 0.9352 -0.0000
vn 0.3936 0.9193 -0.0000
vn 0.4299 0.9029 -0.0000
vn 0.4631 0.8863 -0.0000
vn 0.4935 0.8697 -0.0000
vn -0.4960 0.8683 -0.0000
vn -0.8537 -0.5207 -0.0000
vn -0.4369 -0.8995 -0.0000
vn -0.3974 -0.9176 -0.0000
vn -0.3618 -0.9322 -0.0000
vn -0.3288 -0.9444 -0.0000
vn -0.2971 -0.9548 -0.0000
vn -0.2657 -0.9641 -0.0000
vn -0.2334 -0.9724 -0.0000
vn -0.1990 -0.9800 -0.0000
vn -0.1609 -0.9870 -0.0000
vn -0.1170 -0.9931 -0.0000
vn -0.0640 -0.9979 -0.0000
vn 0.0090 -1.0000 -0.0000
vn 0.1099 -0.9939 -0.0000
vn 0.2286 -0.9735 -0.0000
vn 0.3544 -0.9351 -0.0000
vn 0.4822 -0.8761 -0.0000
vn 0.6055 -0.7958 -0.0000
vn 0.7174 -0.6966 -0.0000
vn 0.8123 -0.5833 -0.0000
vn 0.8868 -0.4621 -0.0000
vn 0.9407 -0.3392 -0.0000
vn 0.9756 -0.2195 -0.0000
vn 0.9943 -0.1063 -0.0000
vn 0.9997 -0.0258 -0.0000
vn 0.9215 0.3883 -0.0000
vn -0.3883 0.9215 -0.0000
vn -0.3882 0.9216 -0.0000
vn 0.5075 -0.8616 -0.0000
vn 0.8616 -0.5075 -0.0000
vn 0.9635 -0.2679 -0.0000
vn 0.9907 -0.1360 -0.0000
vn 0.9635 0.2679 -0.0000
vn 0.8616 0.5075 -0.0000
vn 0.5075 0.8616 -0.0000
vn -0.5075 0.8616 -0.0000
vn -0.9635 0.2679 -0.0000
vn -0.9907 0.1360 -0.0000
vn -0.9635 -0.2679 -0.0000
vn -0.9907 -0.1361 -0.0000
vn -0.5075 -0.8616 -0.0000
vn -0.9697 -0.2444 -0.0000
vn -0.9928 -0.1201 -0.0000
vn -0.9289 -0.3702 -0.0000
vn -0.8697 -0.4936 -0.0000
vn -0.7923 -0.6101 -0.0000
vn -0.6988 -0.7153 -0.0000
vn -0.5921 -0.8058 -0.0000
vn -0.4763 -0.8793 -0.0000
vn -0.3557 -0.9346 -0.0000
vn -0.2341 -0.9722 -0.0000
vn -0.1149 -0.9934 -0.0000
vn 0.0023 -1.0000 -0.0000
vn 0.1232 -0.9924 -0.0000
vn 0.2485 -0.9686 -0.0000
vn 0.3731 -0.9278 -0.0000
vn 0.4937 -0.8697 -0.0000
vn 0.6067 -0.7949 -0.0000
vn 0.7092 -0.7050 -0.0000
vn 0.7983 -0.6022 -0.0000
vn 0.8721 -0.4893 -0.0000
vn 0.7983 -0.6023 -0.0000
vn 0.9292 -0.3695 -0.0000
vn 0.8721 -0.4894 -0.0000
vn 0.9693 -0.2460 -0.0000
vn 0.9925 -0.1220 -0.0000
vn 1.0000 0.0032 -0.0000
vn 0.9911 0.1334 -0.0000
vn 0.9641 0.2654 -0.0000
vn 0.9198 0.3925 -0.0000
vn 0.8591 0.5118 -0.0000
vn 0.7838 0.6210 -0.0000
vn 0.6955 0.7185 -0.0000
vn 0.7838 0.6211 -0.0000
vn 0.5960 0.8030 -0.0000
vn 0.4873 0.8733 -0.0000
vn 0.3710 0.9286 -0.0000
vn 0.2495 0.9684 -0.0000
vn 0.1250 0.9922 -0.0000
vn 0.0025 1.0000 -0.0000
vn -0.1158 0.9933 -0.0000
vn -0.2341 0.9722 -0.0000
vn -0.3530 0.9356 -0.0000
vn -0.4699 0.8827 -0.0000
vn -0.5819 0.8133 -0.0000
vn -0.6859 0.7277 -0.0000
vn -0.7788 0.6272 -0.0000
vn -0.8578 0.5140 -0.0000
vn -0.9204 0.3909 -0.0000
vn -0.9652 0.2616 -0.0000
vn -0.9915 0.1302 -0.0000
vn -1.0000 0.0027 -0.0000
vn -0.9755 0.2202 -0.0000
vn -0.9942 0.1075 -0.0000
vn -0.9942 0.1076 -0.0000
vn -0.9416 0.3368 -0.0000
vn -0.8907 0.4546 -0.0000
vn -0.8217 0.5699 -0.0000
vn -0.7346 0.6786 -0.0000
vn -0.6308 0.7760 -0.0000
vn -0.7345 0.6786 -0.0000
vn -0.5135 0.8581 -0.0000
vn -0.3870 0.9221 -0.0000
vn -0.2563 0.9666 -0.0000
vn -0.1262 0.9920 -0.0000
vn -0.0038 1.0000 -0.0000
vn 0.2318 0.9728 -0.0000
vn 0.3568 0.9342 -0.0000
vn 0.4830 0.8756 -0.0000
vn 0.6045 0.7966 -0.0000
vn 0.7152 0.6989 -0.0000
vn 0.8098 0.5868 -0.0000
vn 0.8848 0.4659 -0.0000
vn 0.9395 0.3425 -0.0000
vn 0.9751 0.2217 -0.0000
vn 0.9942 0.1071 -0.0000
vn 0.9751 0.2216 -0.0000
vn 1.0000 -0.0050 -0.0000
vn 0.9922 -0.1250 -0.0000
vn 0.9678 -0.2518 -0.0000
vn 0.9260 -0.3774 -0.0000
vn 0.9678 -0.2517 -0.0000
vn 0.8669 -0.4985 -0.0000
vn 0.7912 -0.6116 -0.0000
vn 0.7006 -0.7136 -0.0000
vn 0.5975 -0.8019 -0.0000
vn 0.4847 -0.8747 -0.0000
vn 0.5974 -0.8019 -0.0000
vn 0.3655 -0.9308 -0.0000
vn 0.2431 -0.9700 -0.0000
vn 0.1204 -0.9927 -0.0000
vn -0.0017 -1.0000 -0.0000
vn -0.1271 -0.9919 -0.0000
vn -0.2556 -0.9668 -0.0000
vn -0.3822 -0.9241 -0.0000
vn -0.5035 -0.8640 -0.0000
vn -0.6161 -0.7877 -0.0000
vn -0.7171 -0.6970 -0.0000
vn -0.8043 -0.5943 -0.0000
vn -0.8760 -0.4823 -0.0000
vn -0.9314 -0.3640 -0.0000
vn -0.9702 -0.2424 -0.0000
vn -0.9927 -0.1203 -0.0000
vn -1.0000 -0.0035 -0.0000
vn 0.6874 0.7262 -0.0000
vn 0.6335 0.7738 -0.0000
vn 0.5760 0.8175 -0.0000
vn 0.3127 0.9498 -0.0000
vn -0.7342 0.6789 -0.0000
vn 0.9823 -0.1872 -0.0000
vn 0.9567 -0.2909 -0.0000
vn 0.7792 -0.6268 -0.0000
vn -0.5640 -0.8258 -0.0000
vn -0.9315 -0.3638 -0.0000
vt 0.196429 0.000000
vt 0.232143 0.000000
vt 0.214286 0.000000
vt 0.178571 0.000000
vt 0.250000 0.000000
vt 0.160714 0.000000
vt 0.142857 0.000000
vt 0.267857 0.000000
vt 0.125000 0.000000
vt 0.946429 0.000000
vt 0.982143 0.000000
vt 0.964286 0.000000
vt 1.000000 0.000000
vt 0.285714 0.000000
vt 0.107143 0.000000
vt 0.089286 0.000000
vt 0.303571 0.000000
vt 0.071429 0.000000
vt 0.321429 0.000000
vt 0.053571 0.000000
vt 0.035714 0.000000
vt 0.339286 0.000000
vt 0.017857 0.000000
vt 0.000000 0.000000
vt 0.696429 0.000000
vt 0.357143 0.000000
vt 0.910714 0.000000
vt 0.892857 0.000000
vt 0.875000 0.000000
vt 0.857143 0.000000
vt 0.839286 0.000000
vt 0.821429 0.000000
vt 0.803571 0.000000
vt 0.785714 0.000000
vt 0.767857 0.000000
vt 0.750000 0.000000
vt 0.732143 0.000000
vt 0.714286 0.000000
vt 0.678571 0.000000
vt 0.660714 0.000000
vt 0.642857 0.000000
vt 0.625000 0.000000
vt 0.375000 0.000000
vt 0.607143 0.000000
vt 0.589286 0.000000
vt 0.571429 0.000000
vt 0.392857 0.000000
vt 0.553571 0.000000
vt 0.535714 0.000000
vt 0.410714 0.000000
vt 0.517857 0.000000
vt 0.928571 0.000000
vt 0.500000 0.000000
vt 0.428571 0.000000
vt 0.482143 0.000000
vt 0.464286 0.000000
vt 0.446429 0.000000
vt 0.357895 0.000000
vt 0.378947 0.000000
vt 0.368421 0.000000
vt 0.389474 0.000000
vt 0.347368 0.000000
vt 0.400000 0.000000
vt 0.336842 0.000000
vt 0.410526 0.000000
vt 0.326316 0.000000
vt 0.421053 0.000000
vt 0.315789 0.000000
vt 0.431579 0.000000
vt 0.305263 0.000000
vt 0.442105 0.000000
vt 0.294737 0.000000
vt 0.873684 0.000000
vt 0.884211 0.000000
vt 0.863158 0.000000
vt 0.894737 0.000000
vt 0.852632 0.000000
vt 0.905263 0.000000
vt 0.842105 0.000000
vt 0.452632 0.000000
vt 0.284211 0.000000
vt 0.915789 0.000000
vt 0.831579 0.000000
vt 0.926316 0.000000
vt 0.821053 0.000000
vt 0.936842 0.000000
vt 0.810526 0.000000
vt 0.463158 0.000000
vt 0.273684 0.000000
vt 0.947368 0.000000
vt 0.800000 0.000000
vt 0.957895 0.000000
vt 0.789474 0.000000
vt 0.473684 0.000000
vt 0.263158 0.000000
vt 0.968421 0.000000
vt 0.778947 0.000000
vt 0.484211 0.000000
vt 0.252632 0.000000
vt 0.978947 0.000000
vt 0.768421 0.000000
vt 0.989474 0.000000
vt 0.757895 0.000000
vt 0.494737 0.000000
vt 0.242105 0.000000
vt 0.747368 0.000000
vt 0.231579 0.000000
vt 0.505263 0.000000
vt 0.736842 0.000000
vt 0.515789 0.000000
vt 0.726316 0.000000
vt 0.221053 0.000000
vt 0.010526 0.000000
vt 0.526316 0.000000
vt 0.715789 0.000000
vt 0.536842 0.000000
vt 0.210526 0.000000
vt 0.705263 0.000000
vt 0.021053 0.000000
vt 0.547368 0.000000
vt 0.694737 0.000000
vt 0.200000 0.000000
vt 0.031579 0.000000
vt 0.557895 0.000000
vt 0.684211 0.000000
vt 0.568421 0.000000
vt 0.673684 0.000000
vt 0.189474 0.000000
vt 0.042105 0.000000
vt 0.578947 0.000000
vt 0.663158 0.000000
vt 0.589474 0.000000
vt 0.652632 0.000000
vt 0.600000 0.000000
vt 0.642105 0.000000
vt 0.178947 0.000000
vt 0.052632 0.000000
vt 0.610526 0.000000
vt 0.631579 0.000000
vt 0.621053 0.000000
vt 0.168421 0.000000
vt 0.063158 0.000000
vt 0.157895 0.000000
vt 0.073684 0.000000
vt 0.147368 0.000000
vt 0.084211 0.000000
vt 0.136842 0.000000
vt 0.094737 0.000000
vt 0.126316 0.000000
vt 0.105263 0.000000
vt 0.115789 0.000000
vt 0.941176 0.000000
vt 0.980392 0.000000
vt 0.960784 0.000000
vt 0.431373 0.000000
vt 0.470588 0.000000
vt 0.450980 0.000000
vt 0.490196 0.000000
vt 0.411765 0.000000
vt 0.509804 0.000000
vt 0.392157 0.000000
vt 0.529412 0.000000
vt 0.372549 0.000000
vt 0.549020 0.000000
vt 0.352941 0.000000
vt 0.568627 0.000000
vt 0.333333 0.000000
vt 0.588235 0.000000
vt 0.313726 0.000000
vt 0.607843 0.000000
vt 0.294118 0.000000
vt 0.627451 0.000000
vt 0.274510 0.000000
vt 0.647059 0.000000
vt 0.254902 0.000000
vt 0.666667 0.000000
vt 0.235294 0.000000
vt 0.686275 0.000000
vt 0.215686 0.000000
vt 0.196078 0.000000
vt 0.705882 0.000000
vt 0.725490 0.000000
vt 0.176471 0.000000
vt 0.745098 0.000000
vt 0.156863 0.000000
vt 0.764706 0.000000
vt 0.137255 0.000000
vt 0.784314 0.000000
vt 0.117647 0.000000
vt 0.803922 0.000000
vt 0.098039 0.000000
vt 0.823529 0.000000
vt 0.078431 0.000000
vt 0.843137 0.000000
vt 0.058824 0.000000
vt 0.862745 0.000000
vt 0.039216 0.000000
vt 0.882353 0.000000
vt 0.019608 0.000000
vt 0.901961 0.000000
vt 0.921569 0.000000
vt 0.964912 0.000000
vt 0.982456 0.000000
vt 0.017544 0.000000
vt 0.929825 0.000000
vt 0.912281 0.000000
vt 0.035088 0.000000
vt 0.070175 0.000000
vt 0.087719 0.000000
vt 0.877193 0.000000
vt 0.122807 0.000000
vt 0.456140 0.000000
vt 0.491228 0.000000
vt 0.438596 0.000000
vt 0.140351 0.000000
vt 0.859649 0.000000
vt 0.403509 0.000000
vt 0.385965 0.000000
vt 0.175439 0.000000
vt 0.192982 0.000000
vt 0.350877 0.000000
vt 0.228070 0.000000
vt 0.298246 0.000000
vt 0.245614 0.000000
vt 0.280702 0.000000
vt 0.824561 0.000000
vt 0.807018 0.000000
vt 0.508772 0.000000
vt 0.771930 0.000000
vt 0.543860 0.000000
vt 0.754386 0.000000
vt 0.561404 0.000000
vt 0.596491 0.000000
vt 0.614035 0.000000
vt 0.719298 0.000000
vt 0.649123 0.000000
vt 0.701754 0.000000
vt 0.467532 0.000000
vt 0.493506 0.000000
vt 0.480519 0.000000
vt 0.506494 0.000000
vt 0.298701 0.000000
vt 0.324675 0.000000
vt 0.311688 0.000000
vt 0.337662 0.000000
vt 0.350649 0.000000
vt 0.363636 0.000000
vt 0.376623 0.000000
vt 0.389610 0.000000
vt 0.402597 0.000000
vt 0.415584 0.000000
vt 0.272727 0.000000
vt 0.441558 0.000000
vt 0.454545 0.000000
vt 0.259740 0.000000
vt 0.545455 0.000000
vt 0.532468 0.000000
vt 0.519481 0.000000
vt 0.246753 0.000000
vt 0.584416 0.000000
vt 0.558442 0.000000
vt 0.233766 0.000000
vt 0.623377 0.000000
vt 0.610390 0.000000
vt 0.597403 0.000000
vt 0.220779 0.000000
vt 0.662338 0.000000
vt 0.649351 0.000000
vt 0.636364 0.000000
vt 0.675325 0.000000
vt 0.688312 0.000000
vt 0.207792 0.000000
vt 0.701299 0.000000
vt 0.987013 0.000000
vt 0.727273 0.000000
vt 0.194805 0.000000
vt 0.740260 0.000000
vt 0.753247 0.000000
vt 0.181818 0.000000
vt 0.766234 0.000000
vt 0.779221 0.000000
vt 0.168831 0.000000
vt 0.792208 0.000000
vt 0.155844 0.000000
vt 0.805195 0.000000
vt 0.818182 0.000000
vt 0.831169 0.000000
vt 0.844156 0.000000
vt 0.129870 0.000000
vt 0.116883 0.000000
vt 0.870130 0.000000
vt 0.883117 0.000000
vt 0.103896 0.000000
vt 0.896104 0.000000
vt 0.909091 0.000000
vt 0.090909 0.000000
vt 0.922078 0.000000
vt 0.935065 0.000000
vt 0.948052 0.000000
vt 0.077922 0.000000
vt 0.961039 0.000000
vt 0.974026 0.000000
vt 0.064935 0.000000
vt 0.051948 0.000000
vt 0.038961 0.000000
vt 0.025974 0.000000
vt 0.012987 0.000000
vt 0.346939 0.000000
vt 0.367347 0.000000
vt 0.377551 0.000000
vt 0.336735 0.000000
vt 0.387755 0.000000
vt 0.326531 0.000000
vt 0.397959 0.000000
vt 0.316327 0.000000
vt 0.408163 0.000000
vt 0.306122 0.000000
vt 0.418367 0.000000
vt 0.295918 0.000000
vt 0.867347 0.000000
vt 0.877551 0.000000
vt 0.887755 0.000000
vt 0.846939 0.000000
vt 0.897959 0.000000
vt 0.836735 0.000000
vt 0.438776 0.000000
vt 0.908163 0.000000
vt 0.275510 0.000000
vt 0.826531 0.000000
vt 0.918367 0.000000
vt 0.816327 0.000000
vt 0.806122 0.000000
vt 0.938776 0.000000
vt 0.795918 0.000000
vt 0.265306 0.000000
vt 0.448980 0.000000
vt 0.948980 0.000000
vt 0.959184 0.000000
vt 0.775510 0.000000
vt 0.255102 0.000000
vt 0.459184 0.000000
vt 0.969388 0.000000
vt 0.765306 0.000000
vt 0.979592 0.000000
vt 0.755102 0.000000
vt 0.244898 0.000000
vt 0.989796 0.000000
vt 0.469388 0.000000
vt 0.234694 0.000000
vt 0.479592 0.000000
vt 0.224490 0.000000
vt 0.489796 0.000000
vt 0.510204 0.000000
vt 0.520408 0.000000
vt 0.204082 0.000000
vt 0.530612 0.000000
vt 0.193878 0.000000
vt 0.540816 0.000000
vt 0.724490 0.000000
vt 0.744898 0.000000
vt 0.734694 0.000000
vt 0.551020 0.000000
vt 0.704082 0.000000
vt 0.183673 0.000000
vt 0.561224 0.000000
vt 0.693878 0.000000
vt 0.683673 0.000000
vt 0.673469 0.000000
vt 0.581633 0.000000
vt 0.663265 0.000000
vt 0.173469 0.000000
vt 0.653061 0.000000
vt 0.591837 0.000000
vt 0.602041 0.000000
vt 0.632653 0.000000
vt 0.622449 0.000000
vt 0.612245 0.000000
vt 0.163265 0.000000
vt 0.153061 0.000000
vt 0.010204 0.000000
vt 0.020408 0.000000
vt 0.030612 0.000000
vt 0.040816 0.000000
vt 0.132653 0.000000
vt 0.051020 0.000000
vt 0.061224 0.000000
vt 0.122449 0.000000
vt 0.081633 0.000000
vt 0.091837 0.000000
vt 0.112245 0.000000
vt 0.102041 0.000000
vt 0.013514 1.000000
vt 0.000000 1.000000
vt 0.027027 1.000000
vt 0.013514 0.000000
vt 0.040541 1.000000
vt 0.027027 0.000000
vt 0.054054 1.000000
vt 0.040541 0.000000
vt 0.067568 1.000000
vt 0.054054 0.000000
vt 0.081081 1.000000
vt 0.067568 0.000000
vt 0.094595 1.000000
vt 0.081081 0.000000
vt 0.108108 1.000000
vt 0.094595 0.000000
vt 0.121622 1.000000
vt 0.108108 0.000000
vt 0.135135 1.000000
vt 0.121622 0.000000
vt 0.148649 1.000000
vt 0.135135 0.000000
vt 0.162162 1.000000
vt 0.148649 0.000000
vt 0.175676 1.000000
vt 0.162162 0.000000
vt 0.189189 1.000000
vt 0.175676 0.000000
vt 0.202703 1.000000
vt 0.189189 0.000000
vt 0.216216 1.000000
vt 0.202703 0.000000
vt 0.229730 1.000000
vt 0.216216 0.000000
vt 0.243243 1.000000
vt 0.229730 0.000000
vt 0.256757 1.000000
vt 0.243243 0.000000
vt 0.270270 1.000000
vt 0.256757 0.000000
vt 0.283784 1.000000
vt 0.270270 0.000000
vt 0.297297 1.000000
vt 0.283784 0.000000
vt 0.310811 1.000000
vt 0.297297 0.000000
vt 0.324324 1.000000
vt 0.310811 0.000000
vt 0.337838 1.000000
vt 0.324324 0.000000
vt 0.351351 1.000000
vt 0.337838 0.000000
vt 0.364865 1.000000
vt 0.351351 0.000000
vt 0.378378 1.000000
vt 0.364865 0.000000
vt 0.391892 1.000000
vt 0.378378 0.000000
vt 0.405405 1.000000
vt 0.391892 0.000000
vt 0.418919 1.000000
vt 0.405405 0.000000
vt 0.432432 1.000000
vt 0.418919 0.000000
vt 0.445946 1.000000
vt 0.432432 0.000000
vt 0.459459 1.000000
vt 0.445946 0.000000
vt 0.472973 1.000000
vt 0.459459 0.000000
vt 0.486486 1.000000
vt 0.472973 0.000000
vt 0.500000 1.000000
vt 0.486486 0.000000
vt 0.513514 1.000000
vt 0.527027 1.000000
vt 0.513514 0.000000
vt 0.540541 1.000000
vt 0.527027 0.000000
vt 0.554054 1.000000
vt 0.540541 0.000000
vt 0.567568 1.000000
vt 0.554054 0.000000
vt 0.581081 1.000000
vt 0.567568 0.000000
vt 0.594595 1.000000
vt 0.581081 0.000000
vt 0.608108 1.000000
vt 0.594595 0.000000
vt 0.621622 1.000000
vt 0.608108 0.000000
vt 0.635135 1.000000
vt 0.621622 0.000000
vt 0.648649 1.000000
vt 0.635135 0.000000
vt 0.662162 1.000000
vt 0.648649 0.000000
vt 0.675676 1.000000
vt 0.662162 0.000000
vt 0.689189 1.000000
vt 0.675676 0.000000
vt 0.702703 1.000000
vt 0.689189 0.000000
vt 0.716216 1.000000
vt 0.702703 0.000000
vt 0.729730 1.000000
vt 0.716216 0.000000
vt 0.743243 1.000000
vt 0.729730 0.000000
vt 0.756757 1.000000
vt 0.743243 0.000000
vt 0.770270 1.000000
vt 0.756757 0.000000
vt 0.783784 1.000000
vt 0.770270 0.000000
vt 0.797297 1.000000
vt 0.783784 0.000000
vt 0.810811 1.000000
vt 0.797297 0.000000
vt 0.824324 1.000000
vt 0.810811 0.000000
vt 0.837838 1.000000
vt 0.824324 0.000000
vt 0.851351 1.000000
vt 0.837838 0.000000
vt 0.864865 1.000000
vt 0.851351 0.000000
vt 0.878378 1.000000
vt 0.864865 0.000000
vt 0.891892 1.000000
vt 0.878378 0.000000
vt 0.905405 1.000000
vt 0.891892 0.000000
vt 0.918919 1.000000
vt 0.905405 0.000000
vt 0.932432 1.000000
vt 0.918919 0.000000
vt 0.945946 1.000000
vt 0.932432 0.000000
vt 0.959459 1.000000
vt 0.945946 0.000000
vt 0.972973 1.000000
vt 0.959459 0.000000
vt 0.986486 1.000000
vt 0.972973 0.000000
vt 1.000000 1.000000
vt 0.986486 0.000000
vt 0.040000 1.000000
vt 0.080000 1.000000
vt 0.040000 0.000000
vt 0.120000 1.000000
vt 0.080000 0.000000
vt 0.160000 1.000000
vt 0.120000 0.000000
vt 0.200000 1.000000
vt 0.160000 0.000000
vt 0.240000 1.000000
vt 0.280000 1.000000
vt 0.240000 0.000000
vt 0.320000 1.000000
vt 0.280000 0.000000
vt 0.360000 1.000000
vt 0.320000 0.000000
vt 0.400000 1.000000
vt 0.360000 0.000000
vt 0.440000 1.000000
vt 0.480000 1.000000
vt 0.440000 0.000000
vt 0.520000 1.000000
vt 0.480000 0.000000
vt 0.560000 1.000000
vt 0.520000 0.000000
vt 0.600000 1.000000
vt 0.560000 0.000000
vt 0.640000 1.000000
vt 0.680000 1.000000
vt 0.640000 0.000000
vt 0.720000 1.000000
vt 0.680000 0.000000
vt 0.760000 1.000000
vt 0.720000 0.000000
vt 0.800000 1.000000
vt 0.760000 0.000000
vt 0.840000 1.000000
vt 0.880000 1.000000
vt 0.840000 0.000000
vt 0.920000 1.000000
vt 0.880000 0.000000
vt 0.960000 1.000000
vt 0.920000 0.000000
vt 0.960000 0.000000
vt 0.083333 1.000000
vt 0.166667 1.000000
vt 0.083333 0.000000
vt 0.250000 1.000000
vt 0.166667 0.000000
vt 0.333333 1.000000
vt 0.416667 1.000000
vt 0.416667 0.000000
vt 0.583333 1.000000
vt 0.666667 1.000000
vt 0.583333 0.000000
vt 0.750000 1.000000
vt 0.833333 1.000000
vt 0.916667 1.000000
vt 0.833333 0.000000
vt 0.916667 0.000000
vt 0.025000 1.000000
vt 0.050000 1.000000
vt 0.025000 0.000000
vt 0.075000 1.000000
vt 0.050000 0.000000
vt 0.100000 1.000000
vt 0.075000 0.000000
vt 0.125000 1.000000
vt 0.100000 0.000000
vt 0.150000 1.000000
vt 0.175000 1.000000
vt 0.150000 0.000000
vt 0.175000 0.000000
vt 0.225000 1.000000
vt 0.225000 0.000000
vt 0.275000 1.000000
vt 0.300000 1.000000
vt 0.275000 0.000000
vt 0.325000 1.000000
vt 0.300000 0.000000
vt 0.350000 1.000000
vt 0.325000 0.000000
vt 0.375000 1.000000
vt 0.350000 0.000000
vt 0.425000 1.000000
vt 0.450000 1.000000
vt 0.425000 0.000000
vt 0.475000 1.000000
vt 0.450000 0.000000
vt 0.475000 0.000000
vt 0.525000 1.000000
vt 0.550000 1.000000
vt 0.525000 0.000000
vt 0.575000 1.000000
vt 0.550000 0.000000
vt 0.575000 0.000000
vt 0.625000 1.000000
vt 0.650000 1.000000
vt 0.675000 1.000000
vt 0.650000 0.000000
vt 0.700000 1.000000
vt 0.675000 0.000000
vt 0.725000 1.000000
vt 0.700000 0.000000
vt 0.725000 0.000000
vt 0.775000 1.000000
vt 0.775000 0.000000
vt 0.825000 1.000000
vt 0.850000 1.000000
vt 0.825000 0.000000
vt 0.875000 1.000000
vt 0.850000 0.000000
vt 0.900000 1.000000
vt 0.925000 1.000000
vt 0.900000 0.000000
vt 0.950000 1.000000
vt 0.925000 0.000000
vt 0.975000 1.000000
vt 0.950000 0.000000
vt 0.975000 0.000000
vt 0.026316 1.000000
vt 0.052632 1.000000
vt 0.026316 0.000000
vt 0.078947 1.000000
vt 0.105263 1.000000
vt 0.078947 0.000000
vt 0.131579 1.000000
vt 0.157895 1.000000
vt 0.131579 0.000000
vt 0.184211 1.000000
vt 0.210526 1.000000
vt 0.184211 0.000000
vt 0.236842 1.000000
vt 0.263158 1.000000
vt 0.236842 0.000000
vt 0.289474 1.000000
vt 0.315789 1.000000
vt 0.289474 0.000000
vt 0.342105 1.000000
vt 0.368421 1.000000
vt 0.342105 0.000000
vt 0.394737 1.000000
vt 0.421053 1.000000
vt 0.394737 0.000000
vt 0.447368 1.000000
vt 0.473684 1.000000
vt 0.447368 0.000000
vt 0.526316 1.000000
vt 0.552632 1.000000
vt 0.578947 1.000000
vt 0.552632 0.000000
vt 0.605263 1.000000
vt 0.631579 1.000000
vt 0.605263 0.000000
vt 0.657895 1.000000
vt 0.684211 1.000000
vt 0.657895 0.000000
vt 0.710526 1.000000
vt 0.736842 1.000000
vt 0.710526 0.000000
vt 0.763158 1.000000
vt 0.789474 1.000000
vt 0.763158 0.000000
vt 0.815789 1.000000
vt 0.842105 1.000000
vt 0.815789 0.000000
vt 0.868421 1.000000
vt 0.894737 1.000000
vt 0.868421 0.000000
vt 0.921053 1.000000
vt 0.947368 1.000000
vt 0.921053 0.000000
vt 0.973684 1.000000
vt 0.973684 0.000000
vt 0.017544 1.000000
vt 0.035088 1.000000
vt 0.070175 1.000000
vt 0.087719 1.000000
vt 0.122807 1.000000
vt 0.140351 1.000000
vt 0.175439 1.000000
vt 0.192982 1.000000
vt 0.228070 1.000000
vt 0.245614 1.000000
vt 0.280702 1.000000
vt 0.298246 1.000000
vt 0.350877 1.000000
vt 0.385965 1.000000
vt 0.403509 1.000000
vt 0.438596 1.000000
vt 0.456140 1.000000
vt 0.491228 1.000000
vt 0.508772 1.000000
vt 0.543860 1.000000
vt 0.561404 1.000000
vt 0.596491 1.000000
vt 0.614035 1.000000
vt 0.649123 1.000000
vt 0.701754 1.000000
vt 0.719298 1.000000
vt 0.754386 1.000000
vt 0.771930 1.000000
vt 0.807018 1.000000
vt 0.824561 1.000000
vt 0.859649 1.000000
vt 0.877193 1.000000
vt 0.912281 1.000000
vt 0.929825 1.000000
vt 0.964912 1.000000
vt 0.982456 1.000000
vt 0.020833 1.000000
vt 0.041667 1.000000
vt 0.020833 0.000000
vt 0.062500 1.000000
vt 0.041667 0.000000
vt 0.062500 0.000000
vt 0.104167 1.000000
vt 0.104167 0.000000
vt 0.145833 1.000000
vt 0.145833 0.000000
vt 0.187500 1.000000
vt 0.208333 1.000000
vt 0.187500 0.000000
vt 0.229167 1.000000
vt 0.208333 0.000000
vt 0.229167 0.000000
vt 0.270833 1.000000
vt 0.291667 1.000000
vt 0.270833 0.000000
vt 0.312500 1.000000
vt 0.291667 0.000000
vt 0.312500 0.000000
vt 0.354167 1.000000
vt 0.354167 0.000000
vt 0.395833 1.000000
vt 0.395833 0.000000
vt 0.437500 1.000000
vt 0.458333 1.000000
vt 0.437500 0.000000
vt 0.479167 1.000000
vt 0.458333 0.000000
vt 0.479167 0.000000
vt 0.520833 1.000000
vt 0.541667 1.000000
vt 0.520833 0.000000
vt 0.562500 1.000000
vt 0.541667 0.000000
vt 0.562500 0.000000
vt 0.604167 1.000000
vt 0.604167 0.000000
vt 0.645833 1.000000
vt 0.645833 0.000000
vt 0.687500 1.000000
vt 0.708333 1.000000
vt 0.687500 0.000000
vt 0.729167 1.000000
vt 0.708333 0.000000
vt 0.729167 0.000000
vt 0.770833 1.000000
vt 0.791667 1.000000
vt 0.770833 0.000000
vt 0.812500 1.000000
vt 0.791667 0.000000
vt 0.812500 0.000000
vt 0.854167 1.000000
vt 0.854167 0.000000
vt 0.895833 1.000000
vt 0.895833 0.000000
vt 0.937500 1.000000
vt 0.958333 1.000000
vt 0.937500 0.000000
vt 0.979167 1.000000
vt 0.958333 0.000000
vt 0.979167 0.000000
vt 0.017241 1.000000
vt 0.034483 1.000000
vt 0.017241 0.000000
vt 0.051724 1.000000
vt 0.034483 0.000000
vt 0.068966 1.000000
vt 0.051724 0.000000
vt 0.086207 1.000000
vt 0.068966 0.000000
vt 0.103448 1.000000
vt 0.086207 0.000000
vt 0.120690 1.000000
vt 0.103448 0.000000
vt 0.137931 1.000000
vt 0.120690 0.000000
vt 0.155172 1.000000
vt 0.137931 0.000000
vt 0.172414 1.000000
vt 0.155172 0.000000
vt 0.189655 1.000000
vt 0.172414 0.000000
vt 0.206897 1.000000
vt 0.189655 0.000000
vt 0.224138 1.000000
vt 0.206897 0.000000
vt 0.241379 1.000000
vt 0.224138 0.000000
vt 0.258621 1.000000
vt 0.241379 0.000000
vt 0.275862 1.000000
vt 0.258621 0.000000
vt 0.293103 1.000000
vt 0.275862 0.000000
vt 0.310345 1.000000
vt 0.293103 0.000000
vt 0.327586 1.000000
vt 0.310345 0.000000
vt 0.344828 1.000000
vt 0.327586 0.000000
vt 0.362069 1.000000
vt 0.344828 0.000000
vt 0.379310 1.000000
vt 0.362069 0.000000
vt 0.396552 1.000000
vt 0.379310 0.000000
vt 0.413793 1.000000
vt 0.396552 0.000000
vt 0.431034 1.000000
vt 0.413793 0.000000
vt 0.448276 1.000000
vt 0.431034 0.000000
vt 0.465517 1.000000
vt 0.448276 0.000000
vt 0.482759 1.000000
vt 0.465517 0.000000
vt 0.482759 0.000000
vt 0.517241 1.000000
vt 0.534483 1.000000
vt 0.517241 0.000000
vt 0.551724 1.000000
vt 0.534483 0.000000
vt 0.568965 1.000000
vt 0.551724 0.000000
vt 0.586207 1.000000
vt 0.568965 0.000000
vt 0.603448 1.000000
vt 0.586207 0.000000
vt 0.620690 1.000000
vt 0.603448 0.000000
vt 0.637931 1.000000
vt 0.620690 0.000000
vt 0.655172 1.000000
vt 0.637931 0.000000
vt 0.672414 1.000000
vt 0.655172 0.000000
vt 0.689655 1.000000
vt 0.672414 0.000000
vt 0.706897 1.000000
vt 0.689655 0.000000
vt 0.724138 1.000000
vt 0.706897 0.000000
vt 0.741379 1.000000
vt 0.724138 0.000000
vt 0.758621 1.000000
vt 0.741379 0.000000
vt 0.775862 1.000000
vt 0.758621 0.000000
vt 0.793103 1.000000
vt 0.775862 0.000000
vt 0.810345 1.000000
vt 0.793103 0.000000
vt 0.827586 1.000000
vt 0.810345 0.000000
vt 0.844828 1.000000
vt 0.827586 0.000000
vt 0.862069 1.000000
vt 0.844828 0.000000
vt 0.879310 1.000000
vt 0.862069 0.000000
vt 0.896552 1.000000
vt 0.879310 0.000000
vt 0.913793 1.000000
vt 0.896552 0.000000
vt 0.931035 1.000000
vt 0.913793 0.000000
vt 0.948276 1.000000
vt 0.931035 0.000000
vt 0.965517 1.000000
vt 0.948276 0.000000
vt 0.982759 1.000000
vt 0.965517 0.000000
vt 0.982759 0.000000
s 0
f 12/1/1 14/2/1 13/3/1
f 11/4/1 14/2/1 12/1/1
f 11/4/1 15/5/1 14/2/1
f 10/6/1 15/5/1 11/4/1
f 9/7/1 15/5/1 10/6/1
f 9/7/1 16/8/1 15/5/1
f 8/9/1 16/8/1 9/7/1
f 54/10/1 56/11/1 55/12/1
f 54/10/1 57/13/1 56/11/1
f 8/9/1 17/14/1 16/8/1
f 7/15/1 17/14/1 8/9/1
f 6/16/1 17/14/1 7/15/1
f 6/16/1 18/17/1 17/14/1
f 5/18/1 18/17/1 6/16/1
f 5/18/1 19/19/1 18/17/1
f 4/20/1 19/19/1 5/18/1
f 3/21/1 19/19/1 4/20/1
f 3/21/1 20/22/1 19/19/1
f 2/23/1 20/22/1 3/21/1
f 1/24/1 20/22/1 2/23/1
f 1/24/1 40/25/1 20/22/1
f 40/25/1 21/26/1 20/22/1
f 54/10/1 1/24/1 57/13/1
f 54/10/1 52/27/1 1/24/1
f 52/27/1 51/28/1 1/24/1
f 51/28/1 50/29/1 1/24/1
f 50/29/1 49/30/1 1/24/1
f 49/30/1 48/31/1 1/24/1
f 48/31/1 47/32/1 1/24/1
f 47/32/1 46/33/1 1/24/1
f 46/33/1 45/34/1 1/24/1
f 45/34/1 44/35/1 1/24/1
f 44/35/1 43/36/1 1/24/1
f 43/36/1 42/37/1 1/24/1
f 42/37/1 41/38/1 1/24/1
f 41/38/1 40/25/1 1/24/1
f 39/39/1 21/26/1 40/25/1
f 38/40/1 21/26/1 39/39/1
f 37/41/1 21/26/1 38/40/1
f 36/42/1 21/26/1 37/41/1
f 36/42/1 22/43/1 21/26/1
f 35/44/1 22/43/1 36/42/1
f 34/45/1 22/43/1 35/44/1
f 33/46/1 22/43/1 34/45/1
f 33/46/1 23/47/1 22/43/1
f 32/48/1 23/47/1 33/46/1
f 31/49/1 23/47/1 32/48/1
f 31/49/1 24/50/1 23/47/1
f 30/51/1 24/50/1 31/49/1
f 54/10/1 53/52/1 52/27/1
f 29/53/1 24/50/1 30/51/1
f 29/53/1 25/54/1 24/50/1
f 28/55/1 25/54/1 29/53/1
f 27/56/1 25/54/1 28/55/1
f 27/56/1 26/57/1 25/54/1
f 92/58/1 94/59/1 93/60/1
f 92/58/1 95/61/1 94/59/1
f 91/62/1 95/61/1 92/58/1
f 91/62/1 96/63/1 95/61/1
f 90/64/1 96/63/1 91/62/1
f 90/64/1 97/65/1 96/63/1
f 89/66/1 97/65/1 90/64/1
f 89/66/1 98/67/1 97/65/1
f 88/68/1 98/67/1 89/66/1
f 88/68/1 99/69/1 98/67/1
f 87/70/1 99/69/1 88/68/1
f 87/70/1 100/71/1 99/69/1
f 86/72/1 141/73/1 87/70/1
f 141/73/1 100/71/1 87/70/1
f 86/72/1 142/74/1 141/73/1
f 140/75/1 100/71/1 141/73/1
f 86/72/1 143/76/1 142/74/1
f 139/77/1 100/71/1 140/75/1
f 86/72/1 144/78/1 143/76/1
f 138/79/1 100/71/1 139/77/1
f 138/79/1 101/80/1 100/71/1
f 85/81/1 144/78/1 86/72/1
f 85/81/1 145/82/1 144/78/1
f 137/83/1 101/80/1 138/79/1
f 85/81/1 146/84/1 145/82/1
f 136/85/1 101/80/1 137/83/1
f 85/81/1 147/86/1 146/84/1
f 135/87/1 101/80/1 136/85/1
f 135/87/1 102/88/1 101/80/1
f 84/89/1 147/86/1 85/81/1
f 84/89/1 148/90/1 147/86/1
f 134/91/1 102/88/1 135/87/1
f 84/89/1 149/92/1 148/90/1
f 133/93/1 102/88/1 134/91/1
f 133/93/1 103/94/1 102/88/1
f 83/95/1 149/92/1 84/89/1
f 83/95/1 150/96/1 149/92/1
f 132/97/1 103/94/1 133/93/1
f 132/97/1 104/98/1 103/94/1
f 82/99/1 150/96/1 83/95/1
f 82/99/1 151/100/1 150/96/1
f 131/101/1 104/98/1 132/97/1
f 82/99/1 152/102/1 151/100/1
f 130/103/1 104/98/1 131/101/1
f 130/103/1 105/104/1 104/98/1
f 81/105/1 152/102/1 82/99/1
f 81/105/1 153/13/1 152/102/1
f 129/106/1 105/104/1 130/103/1
f 80/107/1 153/13/1 81/105/1
f 80/107/1 106/108/1 153/13/1
f 129/106/1 58/24/1 105/104/1
f 128/109/1 58/24/1 129/106/1
f 80/107/1 107/110/1 106/108/1
f 127/111/1 58/24/1 128/109/1
f 79/112/1 107/110/1 80/107/1
f 127/111/1 59/113/1 58/24/1
f 79/112/1 108/114/1 107/110/1
f 126/115/1 59/113/1 127/111/1
f 79/112/1 109/116/1 108/114/1
f 78/117/1 109/116/1 79/112/1
f 125/118/1 59/113/1 126/115/1
f 125/118/1 60/119/1 59/113/1
f 78/117/1 110/120/1 109/116/1
f 124/121/1 60/119/1 125/118/1
f 77/122/1 110/120/1 78/117/1
f 124/121/1 61/123/1 60/119/1
f 77/122/1 111/124/1 110/120/1
f 123/125/1 61/123/1 124/121/1
f 77/122/1 112/126/1 111/124/1
f 122/127/1 61/123/1 123/125/1
f 76/128/1 112/126/1 77/122/1
f 122/127/1 62/129/1 61/123/1
f 76/128/1 113/130/1 112/126/1
f 121/131/1 62/129/1 122/127/1
f 76/128/1 114/132/1 113/130/1
f 120/133/1 62/129/1 121/131/1
f 76/128/1 115/134/1 114/132/1
f 119/135/1 62/129/1 120/133/1
f 75/136/1 115/134/1 76/128/1
f 119/135/1 63/137/1 62/129/1
f 75/136/1 116/138/1 115/134/1
f 118/139/1 63/137/1 119/135/1
f 75/136/1 117/140/1 116/138/1
f 117/140/1 63/137/1 118/139/1
f 75/136/1 63/137/1 117/140/1
f 74/141/1 63/137/1 75/136/1
f 74/141/1 64/142/1 63/137/1
f 73/143/1 64/142/1 74/141/1
f 73/143/1 65/144/1 64/142/1
f 72/145/1 65/144/1 73/143/1
f 72/145/1 66/146/1 65/144/1
f 71/147/1 66/146/1 72/145/1
f 71/147/1 67/148/1 66/146/1
f 70/149/1 67/148/1 71/147/1
f 70/149/1 68/150/1 67/148/1
f 69/151/1 68/150/1 70/149/1
f 202/152/1 204/153/1 203/154/1
f 202/152/1 205/13/1 204/153/1
f 176/155/1 178/156/1 177/157/1
f 176/155/1 179/158/1 178/156/1
f 175/159/1 179/158/1 176/155/1
f 175/159/1 180/160/1 179/158/1
f 174/161/1 180/160/1 175/159/1
f 174/161/1 181/162/1 180/160/1
f 173/163/1 181/162/1 174/161/1
f 173/163/1 182/164/1 181/162/1
f 172/165/1 182/164/1 173/163/1
f 172/165/1 183/166/1 182/164/1
f 171/167/1 183/166/1 172/165/1
f 171/167/1 184/168/1 183/166/1
f 170/169/1 184/168/1 171/167/1
f 170/169/1 185/170/1 184/168/1
f 169/171/1 185/170/1 170/169/1
f 169/171/1 186/172/1 185/170/1
f 168/173/1 186/172/1 169/171/1
f 168/173/1 187/174/1 186/172/1
f 167/175/1 187/174/1 168/173/1
f 167/175/1 188/176/1 187/174/1
f 166/177/1 188/176/1 167/175/1
f 166/177/1 189/178/1 188/176/1
f 165/179/1 189/178/1 166/177/1
f 164/180/1 189/178/1 165/179/1
f 164/180/1 190/181/1 189/178/1
f 164/180/1 191/182/1 190/181/1
f 163/183/1 191/182/1 164/180/1
f 163/183/1 192/184/1 191/182/1
f 162/185/1 192/184/1 163/183/1
f 162/185/1 193/186/1 192/184/1
f 161/187/1 193/186/1 162/185/1
f 161/187/1 194/188/1 193/186/1
f 160/189/1 194/188/1 161/187/1
f 160/189/1 195/190/1 194/188/1
f 159/191/1 195/190/1 160/189/1
f 159/191/1 196/192/1 195/190/1
f 158/193/1 196/192/1 159/191/1
f 158/193/1 197/194/1 196/192/1
f 157/195/1 197/194/1 158/193/1
f 157/195/1 198/196/1 197/194/1
f 156/197/1 198/196/1 157/195/1
f 156/197/1 199/198/1 198/196/1
f 155/199/1 199/198/1 156/197/1
f 155/199/1 200/200/1 199/198/1
f 154/24/1 200/200/1 155/199/1
f 154/24/1 201/201/1 200/200/1
f 261/202/1 263/13/1 262/203/1
f 261/202/1 206/24/1 263/13/1
f 261/202/1 207/204/1 206/24/1
f 260/90/1 207/204/1 261/202/1
f 259/205/1 207/204/1 260/90/1
f 258/206/1 208/207/1 259/205/1
f 208/207/1 207/204/1 259/205/1
f 258/206/1 209/137/1 208/207/1
f 258/206/1 210/208/1 209/137/1
f 257/76/1 210/208/1 258/206/1
f 257/76/1 211/209/1 210/208/1
f 257/76/1 212/150/1 211/209/1
f 256/210/1 212/150/1 257/76/1
f 256/210/1 213/211/1 212/150/1
f 232/212/1 234/213/1 233/94/1
f 231/214/1 234/213/1 232/212/1
f 256/210/1 214/215/1 213/211/1
f 230/67/1 234/213/1 231/214/1
f 255/216/1 214/215/1 256/210/1
f 255/216/1 215/143/1 214/215/1
f 229/217/1 234/213/1 230/67/1
f 228/218/1 234/213/1 229/217/1
f 255/216/1 216/219/1 215/143/1
f 227/60/1 234/213/1 228/218/1
f 255/216/1 217/220/1 216/219/1
f 226/221/1 234/213/1 227/60/1
f 255/216/1 218/117/1 217/220/1
f 225/167/1 234/213/1 226/221/1
f 254/79/1 218/117/1 255/216/1
f 224/68/1 234/213/1 225/167/1
f 254/79/1 219/222/1 218/117/1
f 223/223/1 234/213/1 224/68/1
f 254/79/1 220/224/1 219/222/1
f 222/225/1 234/213/1 223/223/1
f 254/79/1 221/95/1 220/224/1
f 221/95/1 234/213/1 222/225/1
f 254/79/1 234/213/1 221/95/1
f 253/226/1 234/213/1 254/79/1
f 252/227/1 234/213/1 253/226/1
f 251/93/1 234/213/1 252/227/1
f 251/93/1 235/228/1 234/213/1
f 250/229/1 235/228/1 251/93/1
f 250/229/1 236/114/1 235/228/1
f 250/229/1 237/230/1 236/114/1
f 249/231/1 237/230/1 250/229/1
f 249/231/1 238/232/1 237/230/1
f 249/231/1 239/130/1 238/232/1
f 249/231/1 240/233/1 239/130/1
f 248/109/1 240/233/1 249/231/1
f 248/109/1 241/234/1 240/233/1
f 248/109/1 242/139/1 241/234/1
f 247/235/1 242/139/1 248/109/1
f 247/235/1 243/236/1 242/139/1
f 247/235/1 244/176/1 243/236/1
f 246/237/1 244/176/1 247/235/1
f 246/237/1 245/125/1 244/176/1
f 312/152/1 314/153/1 313/154/1
f 312/152/1 315/13/1 314/153/1
f 286/155/1 288/156/1 287/157/1
f 286/155/1 289/158/1 288/156/1
f 285/159/1 289/158/1 286/155/1
f 285/159/1 290/160/1 289/158/1
f 284/161/1 290/160/1 285/159/1
f 284/161/1 291/162/1 290/160/1
f 283/163/1 291/162/1 284/161/1
f 283/163/1 292/164/1 291/162/1
f 282/165/1 292/164/1 283/163/1
f 282/165/1 293/166/1 292/164/1
f 281/167/1 293/166/1 282/165/1
f 281/167/1 294/168/1 293/166/1
f 280/169/1 294/168/1 281/167/1
f 280/169/1 295/170/1 294/168/1
f 279/171/1 295/170/1 280/169/1
f 279/171/1 296/172/1 295/170/1
f 278/173/1 296/172/1 279/171/1
f 278/173/1 297/174/1 296/172/1
f 277/175/1 297/174/1 278/173/1
f 277/175/1 298/176/1 297/174/1
f 276/177/1 298/176/1 277/175/1
f 276/177/1 299/178/1 298/176/1
f 275/179/1 299/178/1 276/177/1
f 274/180/1 299/178/1 275/179/1
f 274/180/1 300/181/1 299/178/1
f 274/180/1 301/182/1 300/181/1
f 273/183/1 301/182/1 274/180/1
f 273/183/1 302/184/1 301/182/1
f 272/185/1 302/184/1 273/183/1
f 272/185/1 303/186/1 302/184/1
f 271/187/1 303/186/1 272/185/1
f 271/187/1 304/188/1 303/186/1
f 270/189/1 304/188/1 271/187/1
f 270/189/1 305/190/1 304/188/1
f 269/191/1 305/190/1 270/189/1
f 269/191/1 306/192/1 305/190/1
f 268/193/1 306/192/1 269/191/1
f 268/193/1 307/194/1 306/192/1
f 267/195/1 307/194/1 268/193/1
f 267/195/1 308/196/1 307/194/1
f 266/197/1 308/196/1 267/195/1
f 266/197/1 309/198/1 308/196/1
f 265/199/1 309/198/1 266/197/1
f 265/199/1 310/200/1 309/198/1
f 264/24/1 310/200/1 265/199/1
f 264/24/1 311/201/1 310/200/1
f 352/238/1 354/239/1 353/240/1
f 352/238/1 355/241/1 354/239/1
f 339/242/1 341/243/1 340/244/1
f 339/242/1 342/245/1 341/243/1
f 339/242/1 343/246/1 342/245/1
f 339/242/1 344/247/1 343/246/1
f 339/242/1 345/248/1 344/247/1
f 338/14/1 345/248/1 339/242/1
f 338/14/1 346/249/1 345/248/1
f 338/14/1 347/250/1 346/249/1
f 338/14/1 348/251/1 347/250/1
f 337/252/1 348/251/1 338/14/1
f 337/252/1 349/54/1 348/251/1
f 337/252/1 350/253/1 349/54/1
f 337/252/1 351/254/1 350/253/1
f 337/252/1 352/238/1 351/254/1
f 336/255/1 352/238/1 337/252/1
f 336/255/1 358/256/1 352/238/1
f 358/256/1 357/257/1 352/238/1
f 357/257/1 356/258/1 352/238/1
f 356/258/1 393/13/1 352/238/1
f 393/13/1 355/241/1 352/238/1
f 335/259/1 361/260/1 336/255/1
f 361/260/1 360/46/1 336/255/1
f 360/46/1 359/261/1 336/255/1
f 359/261/1 358/256/1 336/255/1
f 334/262/1 364/263/1 335/259/1
f 364/263/1 363/264/1 335/259/1
f 363/264/1 362/265/1 335/259/1
f 362/265/1 361/260/1 335/259/1
f 333/266/1 367/267/1 334/262/1
f 367/267/1 366/268/1 334/262/1
f 366/268/1 365/269/1 334/262/1
f 365/269/1 364/263/1 334/262/1
f 333/266/1 368/270/1 367/267/1
f 333/266/1 369/271/1 368/270/1
f 332/272/1 369/271/1 333/266/1
f 332/272/1 370/273/1 369/271/1
f 332/272/1 371/38/1 370/273/1
f 392/274/1 355/241/1 393/13/1
f 332/272/1 372/275/1 371/38/1
f 331/276/1 372/275/1 332/272/1
f 331/276/1 373/277/1 372/275/1
f 331/276/1 374/278/1 373/277/1
f 330/279/1 374/278/1 331/276/1
f 330/279/1 375/280/1 374/278/1
f 330/279/1 376/281/1 375/280/1
f 329/282/1 376/281/1 330/279/1
f 329/282/1 377/283/1 376/281/1
f 328/284/1 377/283/1 329/282/1
f 328/284/1 378/285/1 377/283/1
f 328/284/1 379/286/1 378/285/1
f 327/7/1 379/286/1 328/284/1
f 327/7/1 380/287/1 379/286/1
f 327/7/1 381/288/1 380/287/1
f 326/289/1 381/288/1 327/7/1
f 326/289/1 382/30/1 381/288/1
f 325/290/1 382/30/1 326/289/1
f 325/290/1 383/291/1 382/30/1
f 325/290/1 384/292/1 383/291/1
f 324/293/1 384/292/1 325/290/1
f 324/293/1 385/294/1 384/292/1
f 324/293/1 386/295/1 385/294/1
f 323/296/1 386/295/1 324/293/1
f 323/296/1 387/297/1 386/295/1
f 323/296/1 388/298/1 387/297/1
f 323/296/1 389/299/1 388/298/1
f 322/300/1 389/299/1 323/296/1
f 322/300/1 390/301/1 389/299/1
f 322/300/1 391/302/1 390/301/1
f 322/300/1 392/274/1 391/302/1
f 322/300/1 355/241/1 392/274/1
f 321/303/1 355/241/1 322/300/1
f 320/304/1 355/241/1 321/303/1
f 319/305/1 355/241/1 320/304/1
f 318/306/1 355/241/1 319/305/1
f 317/307/1 355/241/1 318/306/1
f 316/24/1 355/241/1 317/307/1
f 405/1/1 407/2/1 406/3/1
f 404/4/1 407/2/1 405/1/1
f 404/4/1 408/5/1 407/2/1
f 403/6/1 408/5/1 404/4/1
f 402/7/1 408/5/1 403/6/1
f 402/7/1 409/8/1 408/5/1
f 401/9/1 409/8/1 402/7/1
f 447/10/1 449/11/1 448/12/1
f 447/10/1 450/13/1 449/11/1
f 401/9/1 410/14/1 409/8/1
f 400/15/1 410/14/1 401/9/1
f 399/16/1 410/14/1 400/15/1
f 399/16/1 411/17/1 410/14/1
f 398/18/1 411/17/1 399/16/1
f 398/18/1 412/19/1 411/17/1
f 397/20/1 412/19/1 398/18/1
f 396/21/1 412/19/1 397/20/1
f 396/21/1 413/22/1 412/19/1
f 395/23/1 413/22/1 396/21/1
f 394/24/1 413/22/1 395/23/1
f 394/24/1 433/25/1 413/22/1
f 433/25/1 414/26/1 413/22/1
f 447/10/1 394/24/1 450/13/1
f 447/10/1 445/27/1 394/24/1
f 445/27/1 444/28/1 394/24/1
f 444/28/1 443/29/1 394/24/1
f 443/29/1 442/30/1 394/24/1
f 442/30/1 441/31/1 394/24/1
f 441/31/1 440/32/1 394/24/1
f 440/32/1 439/33/1 394/24/1
f 439/33/1 438/34/1 394/24/1
f 438/34/1 437/35/1 394/24/1
f 437/35/1 436/36/1 394/24/1
f 436/36/1 435/37/1 394/24/1
f 435/37/1 434/38/1 394/24/1
f 434/38/1 433/25/1 394/24/1
f 432/39/1 414/26/1 433/25/1
f 431/40/1 414/26/1 432/39/1
f 430/41/1 414/26/1 431/40/1
f 429/42/1 414/26/1 430/41/1
f 429/42/1 415/43/1 414/26/1
f 428/44/1 415/43/1 429/42/1
f 427/45/1 415/43/1 428/44/1
f 426/46/1 415/43/1 427/45/1
f 426/46/1 416/47/1 415/43/1
f 425/48/1 416/47/1 426/46/1
f 424/49/1 416/47/1 425/48/1
f 424/49/1 417/50/1 416/47/1
f 423/51/1 417/50/1 424/49/1
f 447/10/1 446/52/1 445/27/1
f 422/53/1 417/50/1 423/51/1
f 422/53/1 418/54/1 417/50/1
f 421/55/1 418/54/1 422/53/1
f 420/56/1 418/54/1 421/55/1
f 420/56/1 419/57/1 418/54/1
f 485/308/1 487/309/1 486/26/1
f 485/308/1 488/310/1 487/309/1
f 484/311/1 488/310/1 485/308/1
f 484/311/1 489/312/1 488/310/1
f 483/313/1 489/312/1 484/311/1
f 483/313/1 490/314/1 489/312/1
f 482/315/1 490/314/1 483/313/1
f 482/315/1 491/316/1 490/314/1
f 481/317/1 491/316/1 482/315/1
f 481/317/1 492/318/1 491/316/1
f 480/319/1 492/318/1 481/317/1
f 480/319/1 493/54/1 492/318/1
f 479/14/1 536/320/1 480/319/1
f 536/320/1 493/54/1 480/319/1
f 479/14/1 537/321/1 536/320/1
f 535/30/1 493/54/1 536/320/1
f 479/14/1 538/322/1 537/321/1
f 534/323/1 493/54/1 535/30/1
f 479/14/1 539/324/1 538/322/1
f 533/325/1 493/54/1 534/323/1
f 533/325/1 494/326/1 493/54/1
f 479/14/1 540/327/1 539/324/1
f 478/328/1 540/327/1 479/14/1
f 532/329/1 494/326/1 533/325/1
f 478/328/1 541/330/1 540/327/1
f 531/331/1 494/326/1 532/329/1
f 478/328/1 542/52/1 541/330/1
f 530/332/1 494/326/1 531/331/1
f 478/328/1 543/333/1 542/52/1
f 529/334/1 494/326/1 530/332/1
f 477/335/1 543/333/1 478/328/1
f 529/334/1 495/336/1 494/326/1
f 477/335/1 544/337/1 543/333/1
f 528/34/1 495/336/1 529/334/1
f 477/335/1 545/338/1 544/337/1
f 527/339/1 495/336/1 528/34/1
f 476/340/1 545/338/1 477/335/1
f 527/339/1 496/341/1 495/336/1
f 476/340/1 546/342/1 545/338/1
f 526/343/1 496/341/1 527/339/1
f 476/340/1 547/344/1 546/342/1
f 525/345/1 496/341/1 526/343/1
f 475/346/1 547/344/1 476/340/1
f 475/346/1 548/347/1 547/344/1
f 525/345/1 497/348/1 496/341/1
f 549/13/1 497/348/1 525/345/1
f 475/346/1 549/13/1 548/347/1
f 475/346/1 497/348/1 549/13/1
f 474/349/1 497/348/1 475/346/1
f 474/349/1 498/350/1 497/348/1
f 473/351/1 499/352/1 474/349/1
f 499/352/1 498/350/1 474/349/1
f 473/351/1 500/53/1 499/352/1
f 472/3/1 500/53/1 473/351/1
f 472/3/1 501/353/1 500/53/1
f 472/3/1 502/354/1 501/353/1
f 471/355/1 502/354/1 472/3/1
f 471/355/1 503/356/1 502/354/1
f 470/357/1 503/356/1 471/355/1
f 470/357/1 504/358/1 503/356/1
f 522/359/1 524/360/1 523/361/1
f 470/357/1 505/362/1 504/358/1
f 521/38/1 524/360/1 522/359/1
f 520/363/1 524/360/1 521/38/1
f 469/364/1 505/362/1 470/357/1
f 469/364/1 506/365/1 505/362/1
f 519/366/1 524/360/1 520/363/1
f 518/367/1 524/360/1 519/366/1
f 469/364/1 507/46/1 506/365/1
f 517/368/1 524/360/1 518/367/1
f 469/364/1 508/369/1 507/46/1
f 516/370/1 524/360/1 517/368/1
f 468/371/1 508/369/1 469/364/1
f 515/372/1 524/360/1 516/370/1
f 468/371/1 509/373/1 508/369/1
f 514/41/1 524/360/1 515/372/1
f 468/371/1 510/374/1 509/373/1
f 513/375/1 524/360/1 514/41/1
f 512/376/1 524/360/1 513/375/1
f 468/371/1 511/377/1 510/374/1
f 511/377/1 524/360/1 512/376/1
f 468/371/1 524/360/1 511/377/1
f 467/378/1 524/360/1 468/371/1
f 467/378/1 451/24/1 524/360/1
f 466/379/1 451/24/1 467/378/1
f 466/379/1 452/380/1 451/24/1
f 466/379/1 453/381/1 452/380/1
f 465/7/1 453/381/1 466/379/1
f 465/7/1 454/382/1 453/381/1
f 465/7/1 455/383/1 454/382/1
f 464/384/1 455/383/1 465/7/1
f 464/384/1 456/385/1 455/383/1
f 464/384/1 457/386/1 456/385/1
f 463/387/1 457/386/1 464/384/1
f 463/387/1 458/18/1 457/386/1
f 463/387/1 459/388/1 458/18/1
f 463/387/1 460/389/1 459/388/1
f 462/390/1 460/389/1 463/387/1
f 462/390/1 461/391/1 460/389/1
f 550/24/1 626/274/1 551/307/1
f 626/274/1 552/306/1 551/307/1
f 626/274/1 553/305/1 552/306/1
f 626/274/1 554/304/1 553/305/1
f 626/274/1 555/303/1 554/304/1
f 626/274/1 556/300/1 555/303/1
f 626/274/1 557/296/1 556/300/1
f 626/274/1 558/293/1 557/296/1
f 626/274/1 559/290/1 558/293/1
f 626/274/1 625/302/1 559/290/1
f 625/302/1 624/301/1 559/290/1
f 624/301/1 560/289/1 559/290/1
f 550/24/1 627/13/1 626/274/1
f 623/299/1 560/289/1 624/301/1
f 622/298/1 560/289/1 623/299/1
f 621/297/1 560/289/1 622/298/1
f 620/295/1 560/289/1 621/297/1
f 620/295/1 561/7/1 560/289/1
f 619/294/1 561/7/1 620/295/1
f 618/292/1 561/7/1 619/294/1
f 618/292/1 562/284/1 561/7/1
f 617/291/1 562/284/1 618/292/1
f 616/30/1 562/284/1 617/291/1
f 616/30/1 563/282/1 562/284/1
f 615/288/1 563/282/1 616/30/1
f 614/287/1 563/282/1 615/288/1
f 614/287/1 564/279/1 563/282/1
f 613/286/1 564/279/1 614/287/1
f 612/285/1 564/279/1 613/286/1
f 612/285/1 565/276/1 564/279/1
f 611/283/1 565/276/1 612/285/1
f 611/283/1 566/272/1 565/276/1
f 610/281/1 566/272/1 611/283/1
f 609/280/1 566/272/1 610/281/1
f 609/280/1 567/266/1 566/272/1
f 608/278/1 567/266/1 609/280/1
f 607/277/1 567/266/1 608/278/1
f 607/277/1 568/262/1 567/266/1
f 606/275/1 568/262/1 607/277/1
f 606/275/1 569/259/1 568/262/1
f 605/38/1 569/259/1 606/275/1
f 550/24/1 590/258/1 627/13/1
f 604/273/1 569/259/1 605/38/1
f 550/24/1 591/257/1 590/258/1
f 550/24/1 592/256/1 591/257/1
f 550/24/1 588/239/1 592/256/1
f 588/239/1 593/261/1 592/256/1
f 603/271/1 569/259/1 604/273/1
f 588/239/1 594/46/1 593/261/1
f 588/239/1 595/260/1 594/46/1
f 603/271/1 570/255/1 569/259/1
f 602/270/1 570/255/1 603/271/1
f 588/239/1 596/265/1 595/260/1
f 588/239/1 597/264/1 596/265/1
f 588/239/1 598/263/1 597/264/1
f 601/267/1 570/255/1 602/270/1
f 588/239/1 599/269/1 598/263/1
f 588/239/1 600/268/1 599/269/1
f 588/239/1 601/267/1 600/268/1
f 588/239/1 570/255/1 601/267/1
f 588/239/1 571/252/1 570/255/1
f 588/239/1 572/14/1 571/252/1
f 588/239/1 573/242/1 572/14/1
f 550/24/1 589/241/1 588/239/1
f 587/240/1 573/242/1 588/239/1
f 587/240/1 574/244/1 573/242/1
f 586/238/1 574/244/1 587/240/1
f 585/254/1 574/244/1 586/238/1
f 584/253/1 574/244/1 585/254/1
f 583/54/1 574/244/1 584/253/1
f 583/54/1 575/243/1 574/244/1
f 582/251/1 575/243/1 583/54/1
f 581/250/1 575/243/1 582/251/1
f 580/249/1 575/243/1 581/250/1
f 579/248/1 575/243/1 580/249/1
f 579/248/1 576/245/1 575/243/1
f 578/247/1 576/245/1 579/248/1
f 577/246/1 576/245/1 578/247/1
f 633/254/1 635/269/1 634/256/1
f 633/254/1 636/275/1 635/269/1
f 636/275/1 638/295/1 637/286/1
f 636/275/1 639/13/1 638/295/1
f 633/254/1 639/13/1 636/275/1
f 632/247/1 639/13/1 633/254/1
f 632/247/1 630/279/1 639/13/1
f 630/279/1 628/24/1 639/13/1
f 632/247/1 631/252/1 630/279/1
f 629/296/1 628/24/1 630/279/1
f 674/308/1 676/309/1 675/26/1
f 674/308/1 677/310/1 676/309/1
f 673/311/1 677/310/1 674/308/1
f 673/311/1 678/312/1 677/310/1
f 672/313/1 678/312/1 673/311/1
f 672/313/1 679/314/1 678/312/1
f 671/315/1 679/314/1 672/313/1
f 671/315/1 680/316/1 679/314/1
f 670/317/1 680/316/1 671/315/1
f 670/317/1 681/318/1 680/316/1
f 669/319/1 681/318/1 670/317/1
f 669/319/1 682/54/1 681/318/1
f 668/14/1 725/320/1 669/319/1
f 725/320/1 682/54/1 669/319/1
f 668/14/1 726/321/1 725/320/1
f 724/30/1 682/54/1 725/320/1
f 668/14/1 727/322/1 726/321/1
f 723/323/1 682/54/1 724/30/1
f 668/14/1 728/324/1 727/322/1
f 722/325/1 682/54/1 723/323/1
f 722/325/1 683/326/1 682/54/1
f 668/14/1 729/327/1 728/324/1
f 667/328/1 729/327/1 668/14/1
f 721/329/1 683/326/1 722/325/1
f 667/328/1 730/330/1 729/327/1
f 720/331/1 683/326/1 721/329/1
f 667/328/1 731/52/1 730/330/1
f 719/332/1 683/326/1 720/331/1
f 667/328/1 732/333/1 731/52/1
f 718/334/1 683/326/1 719/332/1
f 666/335/1 732/333/1 667/328/1
f 718/334/1 684/336/1 683/326/1
f 666/335/1 733/337/1 732/333/1
f 717/34/1 684/336/1 718/334/1
f 666/335/1 734/338/1 733/337/1
f 716/339/1 684/336/1 717/34/1
f 665/340/1 734/338/1 666/335/1
f 716/339/1 685/341/1 684/336/1
f 665/340/1 735/342/1 734/338/1
f 715/343/1 685/341/1 716/339/1
f 665/340/1 736/344/1 735/342/1
f 714/345/1 685/341/1 715/343/1
f 664/346/1 736/344/1 665/340/1
f 664/346/1 737/347/1 736/344/1
f 714/345/1 686/348/1 685/341/1
f 738/13/1 686/348/1 714/345/1
f 664/346/1 738/13/1 737/347/1
f 664/346/1 686/348/1 738/13/1
f 663/349/1 686/348/1 664/346/1
f 663/349/1 687/350/1 686/348/1
f 662/351/1 688/352/1 663/349/1
f 688/352/1 687/350/1 663/349/1
f 662/351/1 689/53/1 688/352/1
f 661/3/1 689/53/1 662/351/1
f 661/3/1 690/353/1 689/53/1
f 661/3/1 691/354/1 690/353/1
f 660/355/1 691/354/1 661/3/1
f 660/355/1 692/356/1 691/354/1
f 659/357/1 692/356/1 660/355/1
f 659/357/1 693/358/1 692/356/1
f 711/359/1 713/360/1 712/361/1
f 659/357/1 694/362/1 693/358/1
f 710/38/1 713/360/1 711/359/1
f 709/363/1 713/360/1 710/38/1
f 658/364/1 694/362/1 659/357/1
f 658/364/1 695/365/1 694/362/1
f 708/366/1 713/360/1 709/363/1
f 707/367/1 713/360/1 708/366/1
f 658/364/1 696/46/1 695/365/1
f 706/368/1 713/360/1 707/367/1
f 658/364/1 697/369/1 696/46/1
f 705/370/1 713/360/1 706/368/1
f 657/371/1 697/369/1 658/364/1
f 704/372/1 713/360/1 705/370/1
f 657/371/1 698/373/1 697/369/1
f 703/41/1 713/360/1 704/372/1
f 657/371/1 699/374/1 698/373/1
f 702/375/1 713/360/1 703/41/1
f 701/376/1 713/360/1 702/375/1
f 657/371/1 700/377/1 699/374/1
f 700/377/1 713/360/1 701/376/1
f 657/371/1 713/360/1 700/377/1
f 656/378/1 713/360/1 657/371/1
f 656/378/1 640/24/1 713/360/1
f 655/379/1 640/24/1 656/378/1
f 655/379/1 641/380/1 640/24/1
f 655/379/1 642/381/1 641/380/1
f 654/7/1 642/381/1 655/379/1
f 654/7/1 643/382/1 642/381/1
f 654/7/1 644/383/1 643/382/1
f 653/384/1 644/383/1 654/7/1
f 653/384/1 645/385/1 644/383/1
f 653/384/1 646/386/1 645/385/1
f 652/387/1 646/386/1 653/384/1
f 652/387/1 647/18/1 646/386/1
f 652/387/1 648/388/1 647/18/1
f 652/387/1 649/389/1 648/388/1
f 651/390/1 649/389/1 652/387/1
f 651/390/1 650/391/1 649/389/1
f 750/1/2 751/3/2 752/2/2
f 749/4/2 750/1/2 752/2/2
f 749/4/2 752/2/2 753/5/2
f 748/6/2 749/4/2 753/5/2
f 747/7/2 748/6/2 753/5/2
f 747/7/2 753/5/2 754/8/2
f 746/9/2 747/7/2 754/8/2
f 792/10/2 793/12/2 794/11/2
f 792/10/2 794/11/2 795/13/2
f 746/9/2 754/8/2 755/14/2
f 745/15/2 746/9/2 755/14/2
f 744/16/2 745/15/2 755/14/2
f 744/16/2 755/14/2 756/17/2
f 743/18/2 744/16/2 756/17/2
f 743/18/2 756/17/2 757/19/2
f 742/20/2 743/18/2 757/19/2
f 741/21/2 742/20/2 757/19/2
f 741/21/2 757/19/2 758/22/2
f 740/23/2 741/21/2 758/22/2
f 739/24/2 740/23/2 758/22/2
f 739/24/2 758/22/2 778/25/2
f 778/25/2 758/22/2 759/26/2
f 792/10/2 795/13/2 739/24/2
f 792/10/2 739/24/2 790/27/2
f 790/27/2 739/24/2 789/28/2
f 789/28/2 739/24/2 788/29/2
f 788/29/2 739/24/2 787/30/2
f 787/30/2 739/24/2 786/31/2
f 786/31/2 739/24/2 785/32/2
f 785/32/2 739/24/2 784/33/2
f 784/33/2 739/24/2 783/34/2
f 783/34/2 739/24/2 782/35/2
f 782/35/2 739/24/2 781/36/2
f 781/36/2 739/24/2 780/37/2
f 780/37/2 739/24/2 779/38/2
f 779/38/2 739/24/2 778/25/2
f 777/39/2 778/25/2 759/26/2
f 776/40/2 777/39/2 759/26/2
f 775/41/2 776/40/2 759/26/2
f 774/42/2 775/41/2 759/26/2
f 774/42/2 759/26/2 760/43/2
f 773/44/2 774/42/2 760/43/2
f 772/45/2 773/44/2 760/43/2
f 771/46/2 772/45/2 760/43/2
f 771/46/2 760/43/2 761/47/2
f 770/48/2 771/46/2 761/47/2
f 769/49/2 770/48/2 761/47/2
f 769/49/2 761/47/2 762/50/2
f 768/51/2 769/49/2 762/50/2
f 792/10/2 790/27/2 791/52/2
f 767/53/2 768/51/2 762/50/2
f 767/53/2 762/50/2 763/54/2
f 766/55/2 767/53/2 763/54/2
f 765/56/2 766/55/2 763/54/2
f 765/56/2 763/54/2 764/57/2
f 830/58/2 831/60/2 832/59/2
f 830/58/2 832/59/2 833/61/2
f 829/62/2 830/58/2 833/61/2
f 829/62/2 833/61/2 834/63/2
f 828/64/2 829/62/2 834/63/2
f 828/64/2 834/63/2 835/65/2
f 827/66/2 828/64/2 835/65/2
f 827/66/2 835/65/2 836/67/2
f 826/68/2 827/66/2 836/67/2
f 826/68/2 836/67/2 837/69/2
f 825/70/2 826/68/2 837/69/2
f 825/70/2 837/69/2 838/71/2
f 824/72/2 825/70/2 879/73/2
f 879/73/2 825/70/2 838/71/2
f 824/72/2 879/73/2 880/74/2
f 878/75/2 879/73/2 838/71/2
f 824/72/2 880/74/2 881/76/2
f 877/77/2 878/75/2 838/71/2
f 824/72/2 881/76/2 882/78/2
f 876/79/2 877/77/2 838/71/2
f 876/79/2 838/71/2 839/80/2
f 823/81/2 824/72/2 882/78/2
f 823/81/2 882/78/2 883/82/2
f 875/83/2 876/79/2 839/80/2
f 823/81/2 883/82/2 884/84/2
f 874/85/2 875/83/2 839/80/2
f 823/81/2 884/84/2 885/86/2
f 873/87/2 874/85/2 839/80/2
f 873/87/2 839/80/2 840/88/2
f 822/89/2 823/81/2 885/86/2
f 822/89/2 885/86/2 886/90/2
f 872/91/2 873/87/2 840/88/2
f 822/89/2 886/90/2 887/92/2
f 871/93/2 872/91/2 840/88/2
f 871/93/2 840/88/2 841/94/2
f 821/95/2 822/89/2 887/92/2
f 821/95/2 887/92/2 888/96/2
f 870/97/2 871/93/2 841/94/2
f 870/97/2 841/94/2 842/98/2
f 820/99/2 821/95/2 888/96/2
f 820/99/2 888/96/2 889/100/2
f 869/101/2 870/97/2 842/98/2
f 820/99/2 889/100/2 890/102/2
f 868/103/2 869/101/2 842/98/2
f 868/103/2 842/98/2 843/104/2
f 819/105/2 820/99/2 890/102/2
f 819/105/2 890/102/2 891/13/2
f 867/106/2 868/103/2 843/104/2
f 818/107/2 819/105/2 891/13/2
f 818/107/2 891/13/2 844/108/2
f 867/106/2 843/104/2 796/24/2
f 866/109/2 867/106/2 796/24/2
f 818/107/2 844/108/2 845/110/2
f 865/111/2 866/109/2 796/24/2
f 817/112/2 818/107/2 845/110/2
f 865/111/2 796/24/2 797/113/2
f 817/112/2 845/110/2 846/114/2
f 864/115/2 865/111/2 797/113/2
f 817/112/2 846/114/2 847/116/2
f 816/117/2 817/112/2 847/116/2
f 863/118/2 864/115/2 797/113/2
f 863/118/2 797/113/2 798/119/2
f 816/117/2 847/116/2 848/120/2
f 862/121/2 863/118/2 798/119/2
f 815/122/2 816/117/2 848/120/2
f 862/121/2 798/119/2 799/123/2
f 815/122/2 848/120/2 849/124/2
f 861/125/2 862/121/2 799/123/2
f 815/122/2 849/124/2 850/126/2
f 860/127/2 861/125/2 799/123/2
f 814/128/2 815/122/2 850/126/2
f 860/127/2 799/123/2 800/129/2
f 814/128/2 850/126/2 851/130/2
f 859/131/2 860/127/2 800/129/2
f 814/128/2 851/130/2 852/132/2
f 858/133/2 859/131/2 800/129/2
f 814/128/2 852/132/2 853/134/2
f 857/135/2 858/133/2 800/129/2
f 813/136/2 814/128/2 853/134/2
f 857/135/2 800/129/2 801/137/2
f 813/136/2 853/134/2 854/138/2
f 856/139/2 857/135/2 801/137/2
f 813/136/2 854/138/2 855/140/2
f 855/140/2 856/139/2 801/137/2
f 813/136/2 855/140/2 801/137/2
f 812/141/2 813/136/2 801/137/2
f 812/141/2 801/137/2 802/142/2
f 811/143/2 812/141/2 802/142/2
f 811/143/2 802/142/2 803/144/2
f 810/145/2 811/143/2 803/144/2
f 810/145/2 803/144/2 804/146/2
f 809/147/2 810/145/2 804/146/2
f 809/147/2 804/146/2 805/148/2
f 808/149/2 809/147/2 805/148/2
f 808/149/2 805/148/2 806/150/2
f 807/151/2 808/149/2 806/150/2
f 940/152/2 941/154/2 942/153/2
f 940/152/2 942/153/2 943/13/2
f 914/155/2 915/157/2 916/156/2
f 914/155/2 916/156/2 917/158/2
f 913/159/2 914/155/2 917/158/2
f 913/159/2 917/158/2 918/160/2
f 912/161/2 913/159/2 918/160/2
f 912/161/2 918/160/2 919/162/2
f 911/163/2 912/161/2 919/162/2
f 911/163/2 919/162/2 920/164/2
f 910/165/2 911/163/2 920/164/2
f 910/165/2 920/164/2 921/166/2
f 909/167/2 910/165/2 921/166/2
f 909/167/2 921/166/2 922/168/2
f 908/169/2 909/167/2 922/168/2
f 908/169/2 922/168/2 923/170/2
f 907/171/2 908/169/2 923/170/2
f 907/171/2 923/170/2 924/172/2
f 906/173/2 907/171/2 924/172/2
f 906/173/2 924/172/2 925/174/2
f 905/175/2 906/173/2 925/174/2
f 905/175/2 925/174/2 926/176/2
f 904/177/2 905/175/2 926/176/2
f 904/177/2 926/176/2 927/178/2
f 903/179/2 904/177/2 927/178/2
f 902/180/2 903/179/2 927/178/2
f 902/180/2 927/178/2 928/181/2
f 902/180/2 928/181/2 929/182/2
f 901/183/2 902/180/2 929/182/2
f 901/183/2 929/182/2 930/184/2
f 900/185/2 901/183/2 930/184/2
f 900/185/2 930/184/2 931/186/2
f 899/187/2 900/185/2 931/186/2
f 899/187/2 931/186/2 932/188/2
f 898/189/2 899/187/2 932/188/2
f 898/189/2 932/188/2 933/190/2
f 897/191/2 898/189/2 933/190/2
f 897/191/2 933/190/2 934/192/2
f 896/193/2 897/191/2 934/192/2
f 896/193/2 934/192/2 935/194/2
f 895/195/2 896/193/2 935/194/2
f 895/195/2 935/194/2 936/196/2
f 894/197/2 895/195/2 936/196/2
f 894/197/2 936/196/2 937/198/2
f 893/199/2 894/197/2 937/198/2
f 893/199/2 937/198/2 938/200/2
f 892/24/2 893/199/2 938/200/2
f 892/24/2 938/200/2 939/201/2
f 999/202/2 1000/203/2 1001/13/2
f 999/202/2 1001/13/2 944/24/2
f 999/202/2 944/24/2 945/204/2
f 998/90/2 999/202/2 945/204/2
f 997/205/1 998/90/1 945/204/1
f 996/206/2 997/205/2 946/207/2
f 946/207/1 997/205/1 945/204/1
f 996/206/2 946/207/2 947/137/2
f 996/206/2 947/137/2 948/208/2
f 995/76/2 996/206/2 948/208/2
f 995/76/2 948/208/2 949/209/2
f 995/76/2 949/209/2 950/150/2
f 994/210/2 995/76/2 950/150/2
f 994/210/2 950/150/2 951/211/2
f 970/212/2 971/94/2 972/213/2
f 969/214/2 970/212/2 972/213/2
f 994/210/2 951/211/2 952/215/2
f 968/67/2 969/214/2 972/213/2
f 993/216/2 994/210/2 952/215/2
f 993/216/2 952/215/2 953/143/2
f 967/217/2 968/67/2 972/213/2
f 966/218/2 967/217/2 972/213/2
f 993/216/2 953/143/2 954/219/2
f 965/60/2 966/218/2 972/213/2
f 993/216/2 954/219/2 955/220/2
f 964/221/2 965/60/2 972/213/2
f 993/216/2 955/220/2 956/117/2
f 963/167/2 964/221/2 972/213/2
f 992/79/2 993/216/2 956/117/2
f 962/68/2 963/167/2 972/213/2
f 992/79/2 956/117/2 957/222/2
f 961/223/2 962/68/2 972/213/2
f 992/79/2 957/222/2 958/224/2
f 960/225/2 961/223/2 972/213/2
f 992/79/2 958/224/2 959/95/2
f 959/95/2 960/225/2 972/213/2
f 992/79/2 959/95/2 972/213/2
f 991/226/2 992/79/2 972/213/2
f 990/227/2 991/226/2 972/213/2
f 989/93/2 990/227/2 972/213/2
f 989/93/2 972/213/2 973/228/2
f 988/229/2 989/93/2 973/228/2
f 988/229/2 973/228/2 974/114/2
f 988/229/2 974/114/2 975/230/2
f 987/231/2 988/229/2 975/230/2
f 987/231/2 975/230/2 976/232/2
f 987/231/2 976/232/2 977/130/2
f 987/231/2 977/130/2 978/233/2
f 986/109/2 987/231/2 978/233/2
f 986/109/2 978/233/2 979/234/2
f 986/109/2 979/234/2 980/139/2
f 985/235/2 986/109/2 980/139/2
f 985/235/2 980/139/2 981/236/2
f 985/235/2 981/236/2 982/176/2
f 984/237/2 985/235/2 982/176/2
f 984/237/2 982/176/2 983/125/2
f 1050/152/2 1051/154/2 1052/153/2
f 1050/152/2 1052/153/2 1053/13/2
f 1024/155/2 1025/157/2 1026/156/2
f 1024/155/2 1026/156/2 1027/158/2
f 1023/159/2 1024/155/2 1027/158/2
f 1023/159/2 1027/158/2 1028/160/2
f 1022/161/2 1023/159/2 1028/160/2
f 1022/161/2 1028/160/2 1029/162/2
f 1021/163/2 1022/161/2 1029/162/2
f 1021/163/2 1029/162/2 1030/164/2
f 1020/165/2 1021/163/2 1030/164/2
f 1020/165/2 1030/164/2 1031/166/2
f 1019/167/2 1020/165/2 1031/166/2
f 1019/167/2 1031/166/2 1032/168/2
f 1018/169/2 1019/167/2 1032/168/2
f 1018/169/2 1032/168/2 1033/170/2
f 1017/171/2 1018/169/2 1033/170/2
f 1017/171/2 1033/170/2 1034/172/2
f 1016/173/2 1017/171/2 1034/172/2
f 1016/173/2 1034/172/2 1035/174/2
f 1015/175/2 1016/173/2 1035/174/2
f 1015/175/2 1035/174/2 1036/176/2
f 1014/177/2 1015/175/2 1036/176/2
f 1014/177/2 1036/176/2 1037/178/2
f 1013/179/2 1014/177/2 1037/178/2
f 1012/180/2 1013/179/2 1037/178/2
f 1012/180/2 1037/178/2 1038/181/2
f 1012/180/2 1038/181/2 1039/182/2
f 1011/183/2 1012/180/2 1039/182/2
f 1011/183/2 1039/182/2 1040/184/2
f 1010/185/2 1011/183/2 1040/184/2
f 1010/185/2 1040/184/2 1041/186/2
f 1009/187/2 1010/185/2 1041/186/2
f 1009/187/2 1041/186/2 1042/188/2
f 1008/189/2 1009/187/2 1042/188/2
f 1008/189/2 1042/188/2 1043/190/2
f 1007/191/2 1008/189/2 1043/190/2
f 1007/191/2 1043/190/2 1044/192/2
f 1006/193/2 1007/191/2 1044/192/2
f 1006/193/2 1044/192/2 1045/194/2
f 1005/195/2 1006/193/2 1045/194/2
f 1005/195/2 1045/194/2 1046/196/2
f 1004/197/2 1005/195/2 1046/196/2
f 1004/197/2 1046/196/2 1047/198/2
f 1003/199/2 1004/197/2 1047/198/2
f 1003/199/2 1047/198/2 1048/200/2
f 1002/24/2 1003/199/2 1048/200/2
f 1002/24/2 1048/200/2 1049/201/2
f 1090/238/2 1091/240/2 1092/239/2
f 1090/238/2 1092/239/2 1093/241/2
f 1077/242/2 1078/244/2 1079/243/2
f 1077/242/2 1079/243/2 1080/245/2
f 1077/242/2 1080/245/2 1081/246/2
f 1077/242/2 1081/246/2 1082/247/2
f 1077/242/2 1082/247/2 1083/248/2
f 1076/14/2 1077/242/2 1083/248/2
f 1076/14/2 1083/248/2 1084/249/2
f 1076/14/2 1084/249/2 1085/250/2
f 1076/14/2 1085/250/2 1086/251/2
f 1075/252/2 1076/14/2 1086/251/2
f 1075/252/2 1086/251/2 1087/54/2
f 1075/252/2 1087/54/2 1088/253/2
f 1075/252/2 1088/253/2 1089/254/2
f 1075/252/2 1089/254/2 1090/238/2
f 1074/255/2 1075/252/2 1090/238/2
f 1074/255/2 1090/238/2 1096/256/2
f 1096/256/2 1090/238/2 1095/257/2
f 1095/257/2 1090/238/2 1094/258/2
f 1094/258/2 1090/238/2 1131/13/2
f 1131/13/2 1090/238/2 1093/241/2
f 1073/259/2 1074/255/2 1099/260/2
f 1099/260/2 1074/255/2 1098/46/2
f 1098/46/2 1074/255/2 1097/261/2
f 1097/261/2 1074/255/2 1096/256/2
f 1072/262/2 1073/259/2 1102/263/2
f 1102/263/2 1073/259/2 1101/264/2
f 1101/264/2 1073/259/2 1100/265/2
f 1100/265/2 1073/259/2 1099/260/2
f 1071/266/2 1072/262/2 1105/267/2
f 1105/267/2 1072/262/2 1104/268/2
f 1104/268/2 1072/262/2 1103/269/2
f 1103/269/2 1072/262/2 1102/263/2
f 1071/266/2 1105/267/2 1106/270/2
f 1071/266/2 1106/270/2 1107/271/2
f 1070/272/2 1071/266/2 1107/271/2
f 1070/272/2 1107/271/2 1108/273/2
f 1070/272/2 1108/273/2 1109/38/2
f 1130/274/2 1131/13/2 1093/241/2
f 1070/272/2 1109/38/2 1110/275/2
f 1069/276/2 1070/272/2 1110/275/2
f 1069/276/2 1110/275/2 1111/277/2
f 1069/276/2 1111/277/2 1112/278/2
f 1068/279/2 1069/276/2 1112/278/2
f 1068/279/2 1112/278/2 1113/280/2
f 1068/279/2 1113/280/2 1114/281/2
f 1067/282/2 1068/279/2 1114/281/2
f 1067/282/2 1114/281/2 1115/283/2
f 1066/284/2 1067/282/2 1115/283/2
f 1066/284/2 1115/283/2 1116/285/2
f 1066/284/2 1116/285/2 1117/286/2
f 1065/7/2 1066/284/2 1117/286/2
f 1065/7/2 1117/286/2 1118/287/2
f 1065/7/2 1118/287/2 1119/288/2
f 1064/289/2 1065/7/2 1119/288/2
f 1064/289/2 1119/288/2 1120/30/2
f 1063/290/2 1064/289/2 1120/30/2
f 1063/290/2 1120/30/2 1121/291/2
f 1063/290/2 1121/291/2 1122/292/2
f 1062/293/2 1063/290/2 1122/292/2
f 1062/293/2 1122/292/2 1123/294/2
f 1062/293/2 1123/294/2 1124/295/2
f 1061/296/2 1062/293/2 1124/295/2
f 1061/296/2 1124/295/2 1125/297/2
f 1061/296/2 1125/297/2 1126/298/2
f 1061/296/2 1126/298/2 1127/299/2
f 1060/300/2 1061/296/2 1127/299/2
f 1060/300/2 1127/299/2 1128/301/2
f 1060/300/2 1128/301/2 1129/302/2
f 1060/300/2 1129/302/2 1130/274/2
f 1060/300/2 1130/274/2 1093/241/2
f 1059/303/2 1060/300/2 1093/241/2
f 1058/304/2 1059/303/2 1093/241/2
f 1057/305/2 1058/304/2 1093/241/2
f 1056/306/2 1057/305/2 1093/241/2
f 1055/307/2 1056/306/2 1093/241/2
f 1054/24/2 1055/307/2 1093/241/2
f 1143/1/2 1144/3/2 1145/2/2
f 1142/4/2 1143/1/2 1145/2/2
f 1142/4/2 1145/2/2 1146/5/2
f 1141/6/2 1142/4/2 1146/5/2
f 1140/7/2 1141/6/2 1146/5/2
f 1140/7/2 1146/5/2 1147/8/2
f 1139/9/2 1140/7/2 1147/8/2
f 1185/10/2 1186/12/2 1187/11/2
f 1185/10/2 1187/11/2 1188/13/2
f 1139/9/2 1147/8/2 1148/14/2
f 1138/15/2 1139/9/2 1148/14/2
f 1137/16/2 1138/15/2 1148/14/2
f 1137/16/2 1148/14/2 1149/17/2
f 1136/18/2 1137/16/2 1149/17/2
f 1136/18/2 1149/17/2 1150/19/2
f 1135/20/2 1136/18/2 1150/19/2
f 1134/21/2 1135/20/2 1150/19/2
f 1134/21/2 1150/19/2 1151/22/2
f 1133/23/2 1134/21/2 1151/22/2
f 1132/24/2 1133/23/2 1151/22/2
f 1132/24/2 1151/22/2 1171/25/2
f 1171/25/2 1151/22/2 1152/26/2
f 1185/10/2 1188/13/2 1132/24/2
f 1185/10/2 1132/24/2 1183/27/2
f 1183/27/2 1132/24/2 1182/28/2
f 1182/28/2 1132/24/2 1181/29/2
f 1181/29/2 1132/24/2 1180/30/2
f 1180/30/2 1132/24/2 1179/31/2
f 1179/31/2 1132/24/2 1178/32/2
f 1178/32/2 1132/24/2 1177/33/2
f 1177/33/2 1132/24/2 1176/34/2
f 1176/34/2 1132/24/2 1175/35/2
f 1175/35/2 1132/24/2 1174/36/2
f 1174/36/2 1132/24/2 1173/37/2
f 1173/37/2 1132/24/2 1172/38/2
f 1172/38/2 1132/24/2 1171/25/2
f 1170/39/2 1171/25/2 1152/26/2
f 1169/40/2 1170/39/2 1152/26/2
f 1168/41/2 1169/40/2 1152/26/2
f 1167/42/2 1168/41/2 1152/26/2
f 1167/42/2 1152/26/2 1153/43/2
f 1166/44/2 1167/42/2 1153/43/2
f 1165/45/2 1166/44/2 1153/43/2
f 1164/46/2 1165/45/2 1153/43/2
f 1164/46/2 1153/43/2 1154/47/2
f 1163/48/2 1164/46/2 1154/47/2
f 1162/49/2 1163/48/2 1154/47/2
f 1162/49/2 1154/47/2 1155/50/2
f 1161/51/2 1162/49/2 1155/50/2
f 1185/10/2 1183/27/2 1184/52/2
f 1160/53/2 1161/51/2 1155/50/2
f 1160/53/2 1155/50/2 1156/54/2
f 1159/55/2 1160/53/2 1156/54/2
f 1158/56/2 1159/55/2 1156/54/2
f 1158/56/2 1156/54/2 1157/57/2
f 1223/308/2 1224/26/2 1225/309/2
f 1223/308/2 1225/309/2 1226/310/2
f 1222/311/2 1223/308/2 1226/310/2
f 1222/311/2 1226/310/2 1227/312/2
f 1221/313/2 1222/311/2 1227/312/2
f 1221/313/2 1227/312/2 1228/314/2
f 1220/315/2 1221/313/2 1228/314/2
f 1220/315/2 1228/314/2 1229/316/2
f 1219/317/2 1220/315/2 1229/316/2
f 1219/317/2 1229/316/2 1230/318/2
f 1218/319/2 1219/317/2 1230/318/2
f 1218/319/2 1230/318/2 1231/54/2
f 1217/14/2 1218/319/2 1274/320/2
f 1274/320/2 1218/319/2 1231/54/2
f 1217/14/2 1274/320/2 1275/321/2
f 1273/30/2 1274/320/2 1231/54/2
f 1217/14/2 1275/321/2 1276/322/2
f 1272/323/2 1273/30/2 1231/54/2
f 1217/14/2 1276/322/2 1277/324/2
f 1271/325/2 1272/323/2 1231/54/2
f 1271/325/2 1231/54/2 1232/326/2
f 1217/14/2 1277/324/2 1278/327/2
f 1216/328/2 1217/14/2 1278/327/2
f 1270/329/2 1271/325/2 1232/326/2
f 1216/328/2 1278/327/2 1279/330/2
f 1269/331/2 1270/329/2 1232/326/2
f 1216/328/2 1279/330/2 1280/52/2
f 1268/332/2 1269/331/2 1232/326/2
f 1216/328/2 1280/52/2 1281/333/2
f 1267/334/2 1268/332/2 1232/326/2
f 1215/335/2 1216/328/2 1281/333/2
f 1267/334/2 1232/326/2 1233/336/2
f 1215/335/2 1281/333/2 1282/337/2
f 1266/34/2 1267/334/2 1233/336/2
f 1215/335/2 1282/337/2 1283/338/2
f 1265/339/2 1266/34/2 1233/336/2
f 1214/340/2 1215/335/2 1283/338/2
f 1265/339/2 1233/336/2 1234/341/2
f 1214/340/2 1283/338/2 1284/342/2
f 1264/343/2 1265/339/2 1234/341/2
f 1214/340/2 1284/342/2 1285/344/2
f 1263/345/2 1264/343/2 1234/341/2
f 1213/346/2 1214/340/2 1285/344/2
f 1213/346/2 1285/344/2 1286/347/2
f 1263/345/2 1234/341/2 1235/348/2
f 1287/13/2 1263/345/2 1235/348/2
f 1213/346/2 1286/347/2 1287/13/2
f 1213/346/2 1287/13/2 1235/348/2
f 1212/349/2 1213/346/2 1235/348/2
f 1212/349/2 1235/348/2 1236/350/2
f 1211/351/2 1212/349/2 1237/352/2
f 1237/352/2 1212/349/2 1236/350/2
f 1211/351/2 1237/352/2 1238/53/2
f 1210/3/2 1211/351/2 1238/53/2
f 1210/3/2 1238/53/2 1239/353/2
f 1210/3/2 1239/353/2 1240/354/2
f 1209/355/2 1210/3/2 1240/354/2
f 1209/355/2 1240/354/2 1241/356/2
f 1208/357/2 1209/355/2 1241/356/2
f 1208/357/2 1241/356/2 1242/358/2
f 1260/359/2 1261/361/2 1262/360/2
f 1208/357/2 1242/358/2 1243/362/2
f 1259/38/2 1260/359/2 1262/360/2
f 1258/363/2 1259/38/2 1262/360/2
f 1207/364/2 1208/357/2 1243/362/2
f 1207/364/2 1243/362/2 1244/365/2
f 1257/366/2 1258/363/2 1262/360/2
f 1256/367/2 1257/366/2 1262/360/2
f 1207/364/2 1244/365/2 1245/46/2
f 1255/368/2 1256/367/2 1262/360/2
f 1207/364/2 1245/46/2 1246/369/2
f 1254/370/2 1255/368/2 1262/360/2
f 1206/371/2 1207/364/2 1246/369/2
f 1253/372/2 1254/370/2 1262/360/2
f 1206/371/2 1246/369/2 1247/373/2
f 1252/41/2 1253/372/2 1262/360/2
f 1206/371/2 1247/373/2 1248/374/2
f 1251/375/2 1252/41/2 1262/360/2
f 1250/376/2 1251/375/2 1262/360/2
f 1206/371/2 1248/374/2 1249/377/2
f 1249/377/2 1250/376/2 1262/360/2
f 1206/371/2 1249/377/2 1262/360/2
f 1205/378/2 1206/371/2 1262/360/2
f 1205/378/2 1262/360/2 1189/24/2
f 1204/379/2 1205/378/2 1189/24/2
f 1204/379/2 1189/24/2 1190/380/2
f 1204/379/2 1190/380/2 1191/381/2
f 1203/7/2 1204/379/2 1191/381/2
f 1203/7/2 1191/381/2 1192/382/2
f 1203/7/2 1192/382/2 1193/383/2
f 1202/384/2 1203/7/2 1193/383/2
f 1202/384/2 1193/383/2 1194/385/2
f 1202/384/2 1194/385/2 1195/386/2
f 1201/387/2 1202/384/2 1195/386/2
f 1201/387/2 1195/386/2 1196/18/2
f 1201/387/2 1196/18/2 1197/388/2
f 1201/387/2 1197/388/2 1198/389/2
f 1200/390/2 1201/387/2 1198/389/2
f 1200/390/2 1198/389/2 1199/391/2
f 1288/24/2 1289/307/2 1364/274/2
f 1364/274/2 1289/307/2 1290/306/2
f 1364/274/2 1290/306/2 1291/305/2
f 1364/274/2 1291/305/2 1292/304/2
f 1364/274/2 1292/304/2 1293/303/2
f 1364/274/2 1293/303/2 1294/300/2
f 1364/274/2 1294/300/2 1295/296/2
f 1364/274/2 1295/296/2 1296/293/2
f 1364/274/2 1296/293/2 1297/290/2
f 1364/274/2 1297/290/2 1363/302/2
f 1363/302/2 1297/290/2 1362/301/2
f 1362/301/2 1297/290/2 1298/289/2
f 1288/24/2 1364/274/2 1365/13/2
f 1361/299/2 1362/301/2 1298/289/2
f 1360/298/2 1361/299/2 1298/289/2
f 1359/297/2 1360/298/2 1298/289/2
f 1358/295/2 1359/297/2 1298/289/2
f 1358/295/2 1298/289/2 1299/7/2
f 1357/294/2 1358/295/2 1299/7/2
f 1356/292/2 1357/294/2 1299/7/2
f 1356/292/2 1299/7/2 1300/284/2
f 1355/291/2 1356/292/2 1300/284/2
f 1354/30/2 1355/291/2 1300/284/2
f 1354/30/2 1300/284/2 1301/282/2
f 1353/288/2 1354/30/2 1301/282/2
f 1352/287/2 1353/288/2 1301/282/2
f 1352/287/2 1301/282/2 1302/279/2
f 1351/286/2 1352/287/2 1302/279/2
f 1350/285/2 1351/286/2 1302/279/2
f 1350/285/2 1302/279/2 1303/276/2
f 1349/283/2 1350/285/2 1303/276/2
f 1349/283/2 1303/276/2 1304/272/2
f 1348/281/2 1349/283/2 1304/272/2
f 1347/280/2 1348/281/2 1304/272/2
f 1347/280/2 1304/272/2 1305/266/2
f 1346/278/2 1347/280/2 1305/266/2
f 1345/277/2 1346/278/2 1305/266/2
f 1345/277/2 1305/266/2 1306/262/2
f 1344/275/2 1345/277/2 1306/262/2
f 1344/275/2 1306/262/2 1307/259/2
f 1343/38/2 1344/275/2 1307/259/2
f 1288/24/2 1365/13/2 1328/258/2
f 1342/273/2 1343/38/2 1307/259/2
f 1288/24/2 1328/258/2 1329/257/2
f 1288/24/2 1329/257/2 1330/256/2
f 1288/24/2 1330/256/2 1326/239/2
f 1326/239/2 1330/256/2 1331/261/2
f 1341/271/2 1342/273/2 1307/259/2
f 1326/239/2 1331/261/2 1332/46/2
f 1326/239/2 1332/46/2 1333/260/2
f 1341/271/2 1307/259/2 1308/255/2
f 1340/270/2 1341/271/2 1308/255/2
f 1326/239/2 1333/260/2 1334/265/2
f 1326/239/2 1334/265/2 1335/264/2
f 1326/239/2 1335/264/2 1336/263/2
f 1339/267/2 1340/270/2 1308/255/2
f 1326/239/2 1336/263/2 1337/269/2
f 1326/239/2 1337/269/2 1338/268/2
f 1326/239/2 1338/268/2 1339/267/2
f 1326/239/2 1339/267/2 1308/255/2
f 1326/239/2 1308/255/2 1309/252/2
f 1326/239/2 1309/252/2 1310/14/2
f 1326/239/2 1310/14/2 1311/242/2
f 1288/24/2 1326/239/2 1327/241/2
f 1325/240/2 1326/239/2 1311/242/2
f 1325/240/2 1311/242/2 1312/244/2
f 1324/238/2 1325/240/2 1312/244/2
f 1323/254/2 1324/238/2 1312/244/2
f 1322/253/2 1323/254/2 1312/244/2
f 1321/54/2 1322/253/2 1312/244/2
f 1321/54/2 1312/244/2 1313/243/2
f 1320/251/2 1321/54/2 1313/243/2
f 1319/250/2 1320/251/2 1313/243/2
f 1318/249/2 1319/250/2 1313/243/2
f 1317/248/2 1318/249/2 1313/243/2
f 1317/248/2 1313/243/2 1314/245/2
f 1316/247/2 1317/248/2 1314/245/2
f 1315/246/2 1316/247/2 1314/245/2
f 1371/254/2 1372/256/2 1373/269/2
f 1371/254/2 1373/269/2 1374/275/2
f 1374/275/2 1375/286/2 1376/295/2
f 1374/275/2 1376/295/2 1377/13/2
f 1371/254/2 1374/275/2 1377/13/2
f 1370/247/2 1371/254/2 1377/13/2
f 1370/247/2 1377/13/2 1368/279/2
f 1368/279/2 1377/13/2 1366/24/2
f 1370/247/2 1368/279/2 1369/252/2
f 1367/296/2 1368/279/2 1366/24/2
f 1412/308/2 1413/26/2 1414/309/2
f 1412/308/2 1414/309/2 1415/310/2
f 1411/311/2 1412/308/2 1415/310/2
f 1411/311/2 1415/310/2 1416/312/2
f 1410/313/2 1411/311/2 1416/312/2
f 1410/313/2 1416/312/2 1417/314/2
f 1409/315/2 1410/313/2 1417/314/2
f 1409/315/2 1417/314/2 1418/316/2
f 1408/317/2 1409/315/2 1418/316/2
f 1408/317/2 1418/316/2 1419/318/2
f 1407/319/2 1408/317/2 1419/318/2
f 1407/319/2 1419/318/2 1420/54/2
f 1406/14/2 1407/319/2 1463/320/2
f 1463/320/2 1407/319/2 1420/54/2
f 1406/14/2 1463/320/2 1464/321/2
f 1462/30/2 1463/320/2 1420/54/2
f 1406/14/2 1464/321/2 1465/322/2
f 1461/323/2 1462/30/2 1420/54/2
f 1406/14/2 1465/322/2 1466/324/2
f 1460/325/2 1461/323/2 1420/54/2
f 1460/325/2 1420/54/2 1421/326/2
f 1406/14/2 1466/324/2 1467/327/2
f 1405/328/2 1406/14/2 1467/327/2
f 1459/329/2 1460/325/2 1421/326/2
f 1405/328/2 1467/327/2 1468/330/2
f 1458/331/2 1459/329/2 1421/326/2
f 1405/328/2 1468/330/2 1469/52/2
f 1457/332/2 1458/331/2 1421/326/2
f 1405/328/2 1469/52/2 1470/333/2
f 1456/334/2 1457/332/2 1421/326/2
f 1404/335/2 1405/328/2 1470/333/2
f 1456/334/2 1421/326/2 1422/336/2
f 1404/335/2 1470/333/2 1471/337/2
f 1455/34/2 1456/334/2 1422/336/2
f 1404/335/2 1471/337/2 1472/338/2
f 1454/339/2 1455/34/2 1422/336/2
f 1403/340/2 1404/335/2 1472/338/2
f 1454/339/2 1422/336/2 1423/341/2
f 1403/340/2 1472/338/2 1473/342/2
f 1453/343/2 1454/339/2 1423/341/2
f 1403/340/2 1473/342/2 1474/344/2
f 1452/345/2 1453/343/2 1423/341/2
f 1402/346/2 1403/340/2 1474/344/2
f 1402/346/2 1474/344/2 1475/347/2
f 1452/345/2 1423/341/2 1424/348/2
f 1476/13/2 1452/345/2 1424/348/2
f 1402/346/2 1475/347/2 1476/13/2
f 1402/346/2 1476/13/2 1424/348/2
f 1401/349/2 1402/346/2 1424/348/2
f 1401/349/2 1424/348/2 1425/350/2
f 1400/351/2 1401/349/2 1426/352/2
f 1426/352/2 1401/349/2 1425/350/2
f 1400/351/2 1426/352/2 1427/53/2
f 1399/3/2 1400/351/2 1427/53/2
f 1399/3/2 1427/53/2 1428/353/2
f 1399/3/2 1428/353/2 1429/354/2
f 1398/355/2 1399/3/2 1429/354/2
f 1398/355/2 1429/354/2 1430/356/2
f 1397/357/2 1398/355/2 1430/356/2
f 1397/357/2 1430/356/2 1431/358/2
f 1449/359/2 1450/361/2 1451/360/2
f 1397/357/2 1431/358/2 1432/362/2
f 1448/38/2 1449/359/2 1451/360/2
f 1447/363/2 1448/38/2 1451/360/2
f 1396/364/2 1397/357/2 1432/362/2
f 1396/364/2 1432/362/2 1433/365/2
f 1446/366/2 1447/363/2 1451/360/2
f 1445/367/2 1446/366/2 1451/360/2
f 1396/364/2 1433/365/2 1434/46/2
f 1444/368/2 1445/367/2 1451/360/2
f 1396/364/2 1434/46/2 1435/369/2
f 1443/370/2 1444/368/2 1451/360/2
f 1395/371/2 1396/364/2 1435/369/2
f 1442/372/2 1443/370/2 1451/360/2
f 1395/371/2 1435/369/2 1436/373/2
f 1441/41/2 1442/372/2 1451/360/2
f 1395/371/2 1436/373/2 1437/374/2
f 1440/375/2 1441/41/2 1451/360/2
f 1439/376/2 1440/375/2 1451/360/2
f 1395/371/2 1437/374/2 1438/377/2
f 1438/377/2 1439/376/2 1451/360/2
f 1395/371/2 1438/377/2 1451/360/2
f 1394/378/2 1395/371/2 1451/360/2
f 1394/378/2 1451/360/2 1378/24/2
f 1393/379/2 1394/378/2 1378/24/2
f 1393/379/2 1378/24/2 1379/380/2
f 1393/379/2 1379/380/2 1380/381/2
f 1392/7/2 1393/379/2 1380/381/2
f 1392/7/2 1380/381/2 1381/382/2
f 1392/7/2 1381/382/2 1382/383/2
f 1391/384/2 1392/7/2 1382/383/2
f 1391/384/2 1382/383/2 1383/385/2
f 1391/384/2 1383/385/2 1384/386/2
f 1390/387/2 1391/384/2 1384/386/2
f 1390/387/2 1384/386/2 1385/18/2
f 1390/387/2 1385/18/2 1386/388/2
f 1390/387/2 1386/388/2 1387/389/2
f 1389/390/2 1390/387/2 1387/389/2
f 1389/390/2 1387/389/2 1388/391/2
s 1
f 1480/392/3 1477/24/4 1478/393/4
f 1482/394/5 1479/395/3 1480/392/3
f 1484/396/6 1481/397/5 1482/394/5
f 1486/398/7 1483/399/6 1484/396/6
f 1488/400/8 1485/401/7 1486/398/7
f 1490/402/9 1487/403/8 1488/400/8
f 1492/404/10 1489/405/9 1490/402/9
f 1494/406/11 1491/407/10 1492/404/10
f 1496/408/12 1493/409/11 1494/406/11
f 1498/410/13 1495/411/12 1496/408/12
f 1500/412/14 1497/413/13 1498/410/13
f 1502/414/15 1499/415/14 1500/412/14
f 1504/416/16 1501/417/15 1502/414/15
f 1506/418/17 1503/419/16 1504/416/16
f 1508/420/18 1505/421/17 1506/418/17
f 1510/422/19 1507/423/18 1508/420/18
f 1512/424/20 1509/425/19 1510/422/19
f 1514/426/21 1511/427/22 1512/424/20
f 1516/428/23 1513/429/21 1514/426/21
f 1518/430/24 1515/431/23 1516/428/23
f 1520/432/25 1517/433/24 1518/430/24
f 1522/434/26 1519/435/25 1520/432/25
f 1524/436/27 1521/437/26 1522/434/26
f 1526/438/28 1523/439/27 1524/436/27
f 1528/440/29 1525/441/28 1526/438/28
f 1530/442/30 1527/443/29 1528/440/29
f 1532/444/31 1529/445/30 1530/442/30
f 1534/446/32 1531/447/31 1532/444/31
f 1536/448/33 1533/449/32 1534/446/32
f 1538/450/34 1535/451/35 1536/448/33
f 1540/452/36 1537/453/34 1538/450/34
f 1542/454/37 1539/455/36 1540/452/36
f 1544/456/38 1541/457/37 1542/454/37
f 1546/458/39 1543/459/38 1544/456/38
f 1548/460/40 1545/461/39 1546/458/39
f 1550/462/41 1547/463/40 1548/460/40
f 1552/464/42 1549/465/41 1550/462/41
f 1554/466/43 1551/53/42 1552/464/42
f 1556/467/44 1553/468/43 1554/466/43
f 1558/469/45 1555/470/46 1556/467/44
f 1560/471/47 1557/472/45 1558/469/45
f 1562/473/48 1559/474/47 1560/471/47
f 1564/475/49 1561/476/48 1562/473/48
f 1566/477/50 1563/478/49 1564/475/49
f 1568/479/51 1565/480/50 1566/477/50
f 1570/481/52 1567/482/51 1568/479/51
f 1572/483/53 1569/484/52 1570/481/52
f 1574/485/54 1571/486/53 1572/483/53
f 1576/487/55 1573/488/54 1574/485/54
f 1578/489/56 1575/490/55 1576/487/55
f 1580/491/57 1577/492/56 1578/489/56
f 1582/493/58 1579/494/57 1580/491/57
f 1584/495/59 1581/496/58 1582/493/58
f 1586/497/60 1583/498/59 1584/495/59
f 1588/499/61 1585/500/60 1586/497/60
f 1590/501/62 1587/502/61 1588/499/61
f 1592/503/63 1589/504/62 1590/501/62
f 1594/505/64 1591/506/63 1592/503/63
f 1596/507/65 1593/508/64 1594/505/64
f 1598/509/66 1595/510/65 1596/507/65
f 1600/511/67 1597/512/66 1598/509/66
f 1602/513/68 1599/514/67 1600/511/67
f 1604/515/69 1601/516/68 1602/513/68
f 1606/517/70 1603/518/69 1604/515/69
f 1608/519/71 1605/520/70 1606/517/70
f 1610/521/72 1607/522/71 1608/519/71
f 1612/523/73 1609/524/72 1610/521/72
f 1614/525/74 1611/526/73 1612/523/73
f 1616/527/75 1613/528/74 1614/525/74
f 1618/529/76 1615/530/75 1616/527/75
f 1620/531/77 1617/532/76 1618/529/76
f 1622/533/78 1619/534/77 1620/531/77
f 1624/535/79 1621/536/78 1622/533/78
f 1478/537/4 1623/538/79 1624/535/79
f 1628/539/80 1625/24/81 1626/393/81
f 1630/540/82 1627/541/83 1628/539/80
f 1632/542/84 1629/543/82 1630/540/82
f 1634/544/85 1631/545/84 1632/542/84
f 1636/546/86 1633/547/85 1634/544/85
f 1638/548/87 1635/122/86 1636/546/86
f 1640/549/88 1637/550/87 1638/548/87
f 1642/551/89 1639/552/90 1640/549/88
f 1644/553/91 1641/554/89 1642/551/89
f 1646/555/92 1643/556/91 1644/553/91
f 1648/557/93 1645/63/92 1646/555/92
f 1650/558/94 1647/559/93 1648/557/93
f 1652/560/95 1649/561/94 1650/558/94
f 1654/562/96 1651/563/95 1652/560/95
f 1656/564/97 1653/565/96 1654/562/96
f 1658/566/98 1655/134/97 1656/564/97
f 1660/567/99 1657/568/98 1658/566/98
f 1662/569/100 1659/570/99 1660/567/99
f 1664/571/101 1661/572/102 1662/569/100
f 1666/573/103 1663/574/101 1664/571/101
f 1668/575/104 1665/91/103 1666/573/103
f 1670/576/105 1667/577/104 1668/575/104
f 1672/578/106 1669/579/105 1670/576/105
f 1674/580/107 1671/581/106 1672/578/106
f 1626/537/81 1673/582/107 1674/580/107
f 1678/583/108 1675/24/109 1676/393/109
f 1680/584/110 1677/585/108 1678/583/108
f 1682/586/111 1679/587/110 1680/584/110
f 1684/588/112 1681/5/111 1682/586/111
f 1686/589/113 1683/167/114 1684/588/112
f 1688/464/115 1685/590/113 1686/589/113
f 1690/591/116 1687/53/115 1688/464/115
f 1692/592/117 1689/593/116 1690/591/116
f 1694/594/118 1691/176/119 1692/592/117
f 1696/595/120 1693/36/118 1694/594/118
f 1698/596/121 1695/597/120 1696/595/120
f 1676/537/109 1697/598/121 1698/596/121
f 1702/599/122 1699/24/123 1700/393/123
f 1704/600/124 1701/601/122 1702/599/122
f 1706/602/125 1703/603/124 1704/600/124
f 1708/604/126 1705/605/125 1706/602/125
f 1710/606/127 1707/607/126 1708/604/126
f 1712/608/128 1709/9/127 1710/606/127
f 1714/609/129 1711/610/128 1712/608/128
f 1716/546/130 1713/611/129 1714/609/129
f 1718/612/131 1715/122/130 1716/546/130
f 1720/586/132 1717/613/131 1718/612/131
f 1722/614/133 1719/5/132 1720/586/132
f 1724/615/134 1721/616/133 1722/614/133
f 1726/617/135 1723/618/134 1724/615/134
f 1728/619/136 1725/620/135 1726/617/135
f 1730/621/137 1727/622/136 1728/619/136
f 1732/555/138 1729/43/137 1730/621/137
f 1734/623/139 1731/63/138 1732/555/138
f 1736/624/140 1733/625/139 1734/623/139
f 1738/626/141 1735/627/140 1736/624/140
f 1740/464/142 1737/628/141 1738/626/141
f 1742/629/143 1739/53/142 1740/464/142
f 1744/630/144 1741/631/143 1742/629/143
f 1746/632/145 1743/633/144 1744/630/144
f 1748/564/146 1745/634/145 1746/632/145
f 1750/635/147 1747/134/146 1748/564/146
f 1752/636/148 1749/42/147 1750/635/147
f 1754/637/149 1751/638/148 1752/636/148
f 1756/639/150 1753/640/149 1754/637/149
f 1758/641/151 1755/642/150 1756/639/150
f 1760/594/152 1757/643/151 1758/641/151
f 1762/644/153 1759/36/152 1760/594/152
f 1764/573/154 1761/645/153 1762/644/153
f 1766/646/155 1763/91/154 1764/573/154
f 1768/647/156 1765/648/155 1766/646/155
f 1770/649/157 1767/650/156 1768/647/156
f 1772/651/158 1769/29/157 1770/649/157
f 1774/652/159 1771/653/158 1772/651/158
f 1776/654/160 1773/655/159 1774/652/159
f 1778/656/161 1775/657/160 1776/654/160
f 1700/537/123 1777/658/161 1778/656/161
f 1782/659/162 1779/24/163 1780/393/163
f 1784/660/164 1781/661/162 1782/659/162
f 1786/662/165 1783/137/164 1784/660/164
f 1788/663/166 1785/664/165 1786/662/165
f 1790/665/167 1787/150/166 1788/663/166
f 1792/666/168 1789/667/167 1790/665/167
f 1794/668/169 1791/143/168 1792/666/168
f 1796/669/170 1793/670/169 1794/668/169
f 1798/671/171 1795/117/170 1796/669/170
f 1800/672/172 1797/673/171 1798/671/171
f 1802/674/173 1799/95/172 1800/672/172
f 1804/675/174 1801/676/173 1802/674/173
f 1806/677/175 1803/68/176 1804/675/174
f 1808/678/177 1805/679/175 1806/677/175
f 1810/680/178 1807/60/177 1808/678/177
f 1812/681/179 1809/682/178 1810/680/178
f 1814/683/180 1811/67/179 1812/681/179
f 1816/684/181 1813/685/180 1814/683/180
f 1818/464/182 1815/94/181 1816/684/181
f 1820/686/183 1817/53/182 1818/464/182
f 1822/687/184 1819/114/183 1820/686/183
f 1824/688/185 1821/689/184 1822/687/184
f 1826/690/186 1823/130/185 1824/688/185
f 1828/691/187 1825/692/188 1826/690/186
f 1830/693/189 1827/139/190 1828/691/187
f 1832/694/191 1829/695/189 1830/693/189
f 1834/696/192 1831/125/193 1832/694/191
f 1836/697/194 1833/698/192 1834/696/192
f 1838/699/195 1835/109/194 1836/697/194
f 1840/700/196 1837/701/195 1838/699/195
f 1842/702/197 1839/93/196 1840/700/196
f 1844/703/198 1841/704/197 1842/702/197
f 1846/705/199 1843/79/198 1844/703/198
f 1848/706/200 1845/707/199 1846/705/199
f 1850/708/201 1847/76/200 1848/706/200
f 1852/709/161 1849/710/201 1850/708/201
f 1854/711/202 1851/90/161 1852/709/161
f 1780/537/163 1853/712/202 1854/711/202
f 1858/392/3 1855/24/4 1856/393/4
f 1860/394/5 1857/395/3 1858/392/3
f 1862/396/6 1859/397/5 1860/394/5
f 1864/398/7 1861/399/6 1862/396/6
f 1866/400/8 1863/401/7 1864/398/7
f 1868/402/9 1865/403/8 1866/400/8
f 1870/404/10 1867/405/9 1868/402/9
f 1872/406/11 1869/407/10 1870/404/10
f 1874/408/12 1871/409/11 1872/406/11
f 1876/410/13 1873/411/12 1874/408/12
f 1878/412/14 1875/413/13 1876/410/13
f 1880/414/15 1877/415/14 1878/412/14
f 1882/416/16 1879/417/15 1880/414/15
f 1884/418/17 1881/419/16 1882/416/16
f 1886/420/18 1883/421/17 1884/418/17
f 1888/422/19 1885/423/18 1886/420/18
f 1890/424/22 1887/425/19 1888/422/19
f 1892/426/21 1889/427/22 1890/424/22
f 1894/428/23 1891/429/21 1892/426/21
f 1896/430/24 1893/431/23 1894/428/23
f 1898/432/25 1895/433/24 1896/430/24
f 1900/434/26 1897/435/25 1898/432/25
f 1902/436/27 1899/437/26 1900/434/26
f 1904/438/28 1901/439/27 1902/436/27
f 1906/440/29 1903/441/28 1904/438/28
f 1908/442/30 1905/443/29 1906/440/29
f 1910/444/31 1907/445/30 1908/442/30
f 1912/446/32 1909/447/31 1910/444/31
f 1914/448/35 1911/449/32 1912/446/32
f 1916/450/34 1913/451/35 1914/448/35
f 1918/452/36 1915/453/34 1916/450/34
f 1920/454/37 1917/455/36 1918/452/36
f 1922/456/38 1919/457/37 1920/454/37
f 1924/458/39 1921/459/38 1922/456/38
f 1926/460/40 1923/461/39 1924/458/39
f 1928/462/41 1925/463/40 1926/460/40
f 1930/464/42 1927/465/41 1928/462/41
f 1932/466/43 1929/53/42 1930/464/42
f 1934/467/46 1931/468/43 1932/466/43
f 1936/469/45 1933/470/46 1934/467/46
f 1938/471/47 1935/472/45 1936/469/45
f 1940/473/48 1937/474/47 1938/471/47
f 1942/475/49 1939/476/48 1940/473/48
f 1944/477/50 1941/478/49 1942/475/49
f 1946/479/51 1943/480/50 1944/477/50
f 1948/481/52 1945/482/51 1946/479/51
f 1950/483/53 1947/484/52 1948/481/52
f 1952/485/54 1949/486/53 1950/483/53
f 1954/487/55 1951/488/54 1952/485/54
f 1956/489/56 1953/490/55 1954/487/55
f 1958/491/57 1955/492/56 1956/489/56
f 1960/493/58 1957/494/57 1958/491/57
f 1962/495/59 1959/496/58 1960/493/58
f 1964/497/60 1961/498/59 1962/495/59
f 1966/499/61 1963/500/60 1964/497/60
f 1968/501/62 1965/502/61 1966/499/61
f 1970/503/63 1967/504/62 1968/501/62
f 1972/505/64 1969/506/63 1970/503/63
f 1974/507/65 1971/508/64 1972/505/64
f 1976/509/66 1973/510/65 1974/507/65
f 1978/511/67 1975/512/66 1976/509/66
f 1980/513/68 1977/514/67 1978/511/67
f 1982/515/69 1979/516/68 1980/513/68
f 1984/517/70 1981/518/69 1982/515/69
f 1986/519/71 1983/520/70 1984/517/70
f 1988/521/72 1985/522/71 1986/519/71
f 1990/523/73 1987/524/72 1988/521/72
f 1992/525/74 1989/526/73 1990/523/73
f 1994/527/75 1991/528/74 1992/525/74
f 1996/529/76 1993/530/75 1994/527/75
f 1998/531/77 1995/532/76 1996/529/76
f 2000/533/78 1997/534/77 1998/531/77
f 2002/535/79 1999/536/78 2000/533/78
f 1856/537/4 2001/538/79 2002/535/79
f 2006/539/80 2003/24/81 2004/393/81
f 2008/540/82 2005/541/83 2006/539/80
f 2010/542/84 2007/543/82 2008/540/82
f 2012/544/85 2009/545/84 2010/542/84
f 2014/546/86 2011/547/85 2012/544/85
f 2016/548/87 2013/122/86 2014/546/86
f 2018/549/88 2015/550/87 2016/548/87
f 2020/551/89 2017/552/90 2018/549/88
f 2022/553/91 2019/554/89 2020/551/89
f 2024/555/92 2021/556/91 2022/553/91
f 2026/557/93 2023/63/92 2024/555/92
f 2028/558/94 2025/559/93 2026/557/93
f 2030/560/95 2027/561/94 2028/558/94
f 2032/562/96 2029/563/95 2030/560/95
f 2034/564/97 2031/565/96 2032/562/96
f 2036/566/98 2033/134/97 2034/564/97
f 2038/567/99 2035/568/98 2036/566/98
f 2040/569/102 2037/570/99 2038/567/99
f 2042/571/101 2039/572/100 2040/569/102
f 2044/573/103 2041/574/101 2042/571/101
f 2046/575/104 2043/91/103 2044/573/103
f 2048/576/105 2045/577/104 2046/575/104
f 2050/578/106 2047/579/105 2048/576/105
f 2052/580/107 2049/581/106 2050/578/106
f 2004/537/81 2051/582/107 2052/580/107
f 2056/713/203 2053/24/204 2054/393/204
f 2058/714/205 2055/204/203 2056/713/203
f 2060/660/206 2057/207/205 2058/714/205
f 2062/715/207 2059/137/206 2060/660/206
f 2064/716/208 2061/208/207 2062/715/207
f 2066/663/209 2063/209/208 2064/716/208
f 2068/717/210 2065/150/209 2066/663/209
f 2070/718/211 2067/211/210 2068/717/210
f 2072/666/212 2069/215/211 2070/718/211
f 2074/719/213 2071/143/212 2072/666/212
f 2076/720/214 2073/219/213 2074/719/213
f 2078/669/215 2075/220/214 2076/720/214
f 2080/721/216 2077/117/215 2078/669/215
f 2082/722/217 2079/222/216 2080/721/216
f 2084/672/218 2081/224/217 2082/722/217
f 2086/723/219 2083/95/218 2084/672/218
f 2088/724/220 2085/225/219 2086/723/219
f 2090/675/221 2087/223/220 2088/724/220
f 2092/588/222 2089/68/221 2090/675/221
f 2094/725/223 2091/167/222 2092/588/222
f 2096/678/224 2093/221/223 2094/725/223
f 2098/726/225 2095/60/224 2096/678/224
f 2100/727/226 2097/218/225 2098/726/225
f 2102/681/227 2099/217/226 2100/727/226
f 2104/728/161 2101/67/227 2102/681/227
f 2106/729/123 2103/214/161 2104/728/161
f 2108/684/228 2105/212/123 2106/729/123
f 2110/730/229 2107/94/228 2108/684/228
f 2112/731/230 2109/213/229 2110/730/229
f 2114/686/231 2111/228/230 2112/731/230
f 2116/732/232 2113/114/231 2114/686/231
f 2118/733/233 2115/230/232 2116/732/232
f 2120/688/234 2117/232/233 2118/733/233
f 2122/734/235 2119/130/234 2120/688/234
f 2124/735/236 2121/233/235 2122/734/235
f 2126/691/237 2123/234/236 2124/735/236
f 2128/736/238 2125/139/237 2126/691/237
f 2130/592/239 2127/236/238 2128/736/238
f 2132/694/240 2129/176/239 2130/592/239
f 2134/737/241 2131/125/240 2132/694/240
f 2136/738/242 2133/237/241 2134/737/241
f 2138/697/243 2135/235/242 2136/738/242
f 2140/739/244 2137/109/243 2138/697/243
f 2142/740/245 2139/231/244 2140/739/244
f 2144/700/246 2141/229/245 2142/740/245
f 2146/741/247 2143/93/246 2144/700/246
f 2148/742/248 2145/227/247 2146/741/247
f 2150/703/249 2147/226/248 2148/742/248
f 2152/743/250 2149/79/249 2150/703/249
f 2154/744/251 2151/216/250 2152/743/250
f 2156/706/252 2153/210/251 2154/744/251
f 2158/745/161 2155/76/252 2156/706/252
f 2160/746/123 2157/206/161 2158/745/161
f 2162/709/122 2159/205/123 2160/746/123
f 2164/747/253 2161/90/122 2162/709/122
f 2166/748/253 2163/202/253 2164/747/253
f 2054/537/204 2165/203/253 2166/748/253
f 2170/599/254 2167/24/255 2168/393/255
f 2172/600/256 2169/601/254 2170/599/254
f 2174/602/257 2171/603/256 2172/600/256
f 2176/604/258 2173/605/257 2174/602/257
f 2178/606/259 2175/607/258 2176/604/258
f 2180/608/260 2177/9/259 2178/606/259
f 2182/609/261 2179/610/260 2180/608/260
f 2184/546/262 2181/611/261 2182/609/261
f 2186/612/263 2183/122/262 2184/546/262
f 2188/586/264 2185/613/263 2186/612/263
f 2190/614/265 2187/5/264 2188/586/264
f 2192/615/266 2189/616/265 2190/614/265
f 2194/617/267 2191/618/266 2192/615/266
f 2196/619/268 2193/620/267 2194/617/267
f 2198/621/269 2195/622/268 2196/619/268
f 2200/555/270 2197/43/269 2198/621/269
f 2202/623/271 2199/63/270 2200/555/270
f 2204/624/272 2201/625/271 2202/623/271
f 2206/626/273 2203/627/272 2204/624/272
f 2208/464/274 2205/628/273 2206/626/273
f 2210/629/275 2207/53/274 2208/464/274
f 2212/630/276 2209/631/275 2210/629/275
f 2214/632/277 2211/633/276 2212/630/276
f 2216/564/278 2213/634/277 2214/632/277
f 2218/635/279 2215/134/278 2216/564/278
f 2220/636/280 2217/42/279 2218/635/279
f 2222/637/281 2219/638/280 2220/636/280
f 2224/639/282 2221/640/281 2222/637/281
f 2226/641/283 2223/642/282 2224/639/282
f 2228/594/284 2225/643/283 2226/641/283
f 2230/644/285 2227/36/284 2228/594/284
f 2232/573/286 2229/645/285 2230/644/285
f 2234/646/287 2231/91/286 2232/573/286
f 2236/647/288 2233/648/287 2234/646/287
f 2238/649/289 2235/650/288 2236/647/288
f 2240/651/290 2237/29/289 2238/649/289
f 2242/652/122 2239/653/290 2240/651/290
f 2244/654/253 2241/655/122 2242/652/122
f 2246/656/161 2243/657/253 2244/654/253
f 2168/537/255 2245/658/161 2246/656/161
f 2250/659/291 2247/24/292 2248/393/292
f 2252/660/293 2249/661/291 2250/659/291
f 2254/662/294 2251/137/293 2252/660/293
f 2256/663/295 2253/664/294 2254/662/294
f 2258/665/296 2255/150/295 2256/663/295
f 2260/666/297 2257/667/296 2258/665/296
f 2262/668/298 2259/143/297 2260/666/297
f 2264/669/299 2261/670/298 2262/668/298
f 2266/671/300 2263/117/299 2264/669/299
f 2268/672/301 2265/673/300 2266/671/300
f 2270/674/302 2267/95/301 2268/672/301
f 2272/675/303 2269/676/302 2270/674/302
f 2274/677/304 2271/68/303 2272/675/303
f 2276/678/305 2273/679/304 2274/677/304
f 2278/680/306 2275/60/305 2276/678/305
f 2280/681/307 2277/682/306 2278/680/306
f 2282/683/308 2279/67/307 2280/681/307
f 2284/684/309 2281/685/308 2282/683/308
f 2286/464/310 2283/94/309 2284/684/309
f 2288/686/311 2285/53/310 2286/464/310
f 2290/687/312 2287/114/311 2288/686/311
f 2292/688/313 2289/689/312 2290/687/312
f 2294/690/314 2291/130/313 2292/688/313
f 2296/691/315 2293/692/314 2294/690/314
f 2298/693/316 2295/139/315 2296/691/315
f 2300/694/317 2297/695/316 2298/693/316
f 2302/696/318 2299/125/317 2300/694/317
f 2304/697/319 2301/698/318 2302/696/318
f 2306/699/320 2303/109/319 2304/697/319
f 2308/700/321 2305/701/320 2306/699/320
f 2310/702/322 2307/93/321 2308/700/321
f 2312/703/323 2309/704/322 2310/702/322
f 2314/705/324 2311/79/323 2312/703/323
f 2316/706/325 2313/707/324 2314/705/324
f 2318/708/326 2315/76/325 2316/706/325
f 2320/709/122 2317/710/326 2318/708/326
f 2322/711/327 2319/90/122 2320/709/122
f 2248/537/292 2321/712/327 2322/711/327
f 2326/586/122 2323/24/123 2324/393/123
f 2328/464/253 2325/5/122 2326/586/122
f 2330/594/161 2327/53/253 2328/464/253
f 2324/537/123 2329/36/161 2330/594/161
f 2334/749/328 2331/24/329 2332/393/329
f 2336/750/330 2333/751/328 2334/749/328
f 2338/752/331 2335/753/330 2336/750/330
f 2340/583/332 2337/754/331 2338/752/331
f 2342/755/123 2339/585/332 2340/583/332
f 2344/606/333 2341/756/123 2342/755/123
f 2346/757/334 2343/9/333 2344/606/333
f 2348/584/335 2345/758/334 2346/757/334
f 2350/759/336 2347/587/335 2348/584/335
f 2352/760/337 2349/761/336 2350/759/336
f 2354/762/338 2351/763/337 2352/760/337
f 2356/586/339 2353/764/338 2354/762/338
f 2358/765/340 2355/5/341 2356/586/339
f 2360/766/342 2357/767/340 2358/765/340
f 2362/768/343 2359/769/342 2360/766/342
f 2364/588/344 2361/770/343 2362/768/343
f 2366/771/122 2363/167/344 2364/588/344
f 2368/621/345 2365/772/122 2366/771/122
f 2370/773/346 2367/43/345 2368/621/345
f 2372/589/347 2369/774/346 2370/773/346
f 2374/775/348 2371/590/347 2372/589/347
f 2376/776/349 2373/777/348 2374/775/348
f 2378/778/350 2375/779/349 2376/776/349
f 2380/464/351 2377/780/350 2378/778/350
f 2382/781/352 2379/53/351 2380/464/351
f 2384/782/353 2381/783/352 2382/781/352
f 2386/784/354 2383/785/353 2384/782/353
f 2388/591/355 2385/786/354 2386/784/354
f 2390/787/253 2387/593/355 2388/591/355
f 2392/635/356 2389/788/253 2390/787/253
f 2394/789/357 2391/42/356 2392/635/356
f 2396/592/358 2393/790/359 2394/789/357
f 2398/791/360 2395/176/358 2396/592/358
f 2400/792/361 2397/793/360 2398/791/360
f 2402/794/362 2399/795/361 2400/792/361
f 2404/594/363 2401/796/362 2402/794/362
f 2406/797/364 2403/36/363 2404/594/363
f 2408/798/365 2405/799/364 2406/797/364
f 2410/800/366 2407/801/365 2408/798/365
f 2412/595/367 2409/802/368 2410/800/366
f 2414/803/161 2411/597/367 2412/595/367
f 2416/649/369 2413/804/161 2414/803/161
f 2418/805/370 2415/29/369 2416/649/369
f 2420/596/371 2417/806/370 2418/805/370
f 2422/807/372 2419/598/371 2420/596/371
f 2424/808/373 2421/809/372 2422/807/372
f 2426/810/374 2423/811/373 2424/808/373
f 2332/537/329 2425/812/374 2426/810/374
f 2430/813/161 2427/24/253 2428/393/253
f 2432/814/161 2429/815/161 2430/813/161
f 2434/816/375 2431/817/161 2432/814/161
f 2436/818/376 2433/819/375 2434/816/375
f 2438/820/377 2435/821/376 2436/818/376
f 2440/822/378 2437/823/377 2438/820/377
f 2442/824/379 2439/825/380 2440/822/378
f 2444/826/381 2441/827/379 2442/824/379
f 2446/828/382 2443/829/381 2444/826/381
f 2448/830/383 2445/831/382 2446/828/382
f 2450/832/384 2447/833/383 2448/830/383
f 2452/834/385 2449/835/384 2450/832/384
f 2454/836/386 2451/837/387 2452/834/385
f 2456/838/388 2453/839/386 2454/836/386
f 2458/840/389 2455/841/388 2456/838/388
f 2460/842/390 2457/843/389 2458/840/389
f 2462/844/391 2459/845/390 2460/842/390
f 2464/846/392 2461/847/391 2462/844/391
f 2466/848/393 2463/849/392 2464/846/392
f 2468/850/394 2465/851/395 2466/848/393
f 2470/852/396 2467/853/394 2468/850/394
f 2472/854/397 2469/855/396 2470/852/396
f 2474/856/398 2471/857/397 2472/854/397
f 2476/858/399 2473/859/398 2474/856/398
f 2478/860/400 2475/861/399 2476/858/399
f 2480/862/401 2477/863/400 2478/860/400
f 2482/864/402 2479/865/401 2480/862/401
f 2484/866/403 2481/867/402 2482/864/402
f 2486/464/404 2483/868/403 2484/866/403
f 2488/869/405 2485/53/404 2486/464/404
f 2490/870/406 2487/871/405 2488/869/405
f 2492/872/407 2489/873/406 2490/870/406
f 2494/874/408 2491/875/407 2492/872/407
f 2496/876/409 2493/877/408 2494/874/408
f 2498/878/410 2495/879/409 2496/876/409
f 2500/880/411 2497/881/410 2498/878/410
f 2502/882/412 2499/883/411 2500/880/411
f 2504/884/413 2501/885/412 2502/882/412
f 2506/886/414 2503/887/413 2504/884/413
f 2508/888/415 2505/889/414 2506/886/414
f 2510/890/416 2507/891/415 2508/888/415
f 2512/892/417 2509/893/416 2510/890/416
f 2514/894/418 2511/895/417 2512/892/417
f 2516/896/419 2513/897/418 2514/894/418
f 2518/898/420 2515/899/419 2516/896/419
f 2520/900/421 2517/901/420 2518/898/420
f 2522/902/422 2519/903/421 2520/900/421
f 2524/904/423 2521/905/422 2522/902/422
f 2526/906/424 2523/907/423 2524/904/423
f 2528/908/425 2525/909/424 2526/906/424
f 2530/910/426 2527/911/425 2528/908/425
f 2532/912/427 2529/913/426 2530/910/426
f 2534/914/123 2531/915/427 2532/912/427
f 2536/916/123 2533/917/123 2534/914/123
f 2538/918/428 2535/919/123 2536/916/123
f 2540/920/429 2537/921/428 2538/918/428
f 2542/922/253 2539/923/430 2540/920/429
f 2428/537/253 2541/924/253 2542/922/253
f 2546/586/122 2543/24/123 2544/393/123
f 2548/464/253 2545/5/122 2546/586/122
f 2550/594/161 2547/53/253 2548/464/253
f 2544/537/123 2549/36/161 2550/594/161
f 2554/749/328 2551/24/329 2552/393/329
f 2556/750/330 2553/751/328 2554/749/328
f 2558/752/331 2555/753/330 2556/750/330
f 2560/583/332 2557/754/431 2558/752/331
f 2562/755/123 2559/585/332 2560/583/332
f 2564/606/333 2561/756/123 2562/755/123
f 2566/757/432 2563/9/333 2564/606/333
f 2568/584/335 2565/758/432 2566/757/432
f 2570/759/433 2567/587/335 2568/584/335
f 2572/760/434 2569/761/336 2570/759/433
f 2574/762/338 2571/763/337 2572/760/434
f 2576/586/341 2573/764/338 2574/762/338
f 2578/765/435 2575/5/339 2576/586/341
f 2580/766/342 2577/767/340 2578/765/435
f 2582/768/343 2579/769/342 2580/766/342
f 2584/588/344 2581/770/436 2582/768/343
f 2586/771/122 2583/167/344 2584/588/344
f 2588/621/345 2585/772/122 2586/771/122
f 2590/773/346 2587/43/345 2588/621/345
f 2592/589/347 2589/774/437 2590/773/346
f 2594/775/348 2591/590/347 2592/589/347
f 2596/776/349 2593/777/348 2594/775/348
f 2598/778/350 2595/779/349 2596/776/349
f 2600/464/351 2597/780/350 2598/778/350
f 2602/781/352 2599/53/351 2600/464/351
f 2604/782/353 2601/783/352 2602/781/352
f 2606/784/354 2603/785/353 2604/782/353
f 2608/591/355 2605/786/438 2606/784/354
f 2610/787/253 2607/593/355 2608/591/355
f 2612/635/356 2609/788/253 2610/787/253
f 2614/789/359 2611/42/356 2612/635/356
f 2616/592/358 2613/790/359 2614/789/359
f 2618/791/439 2615/176/358 2616/592/358
f 2620/792/440 2617/793/360 2618/791/439
f 2622/794/362 2619/795/361 2620/792/440
f 2624/594/363 2621/796/362 2622/794/362
f 2626/797/441 2623/36/442 2624/594/363
f 2628/798/365 2625/799/364 2626/797/441
f 2630/800/368 2627/801/365 2628/798/365
f 2632/595/367 2629/802/366 2630/800/368
f 2634/803/161 2631/597/367 2632/595/367
f 2636/649/369 2633/804/161 2634/803/161
f 2638/805/370 2635/29/369 2636/649/369
f 2640/596/371 2637/806/443 2638/805/370
f 2642/807/372 2639/598/371 2640/596/371
f 2644/808/373 2641/809/372 2642/807/372
f 2646/810/374 2643/811/373 2644/808/373
f 2552/537/329 2645/812/374 2646/810/374
f 2650/749/444 2647/24/445 2648/393/445
f 2652/750/446 2649/751/444 2650/749/444
f 2654/752/447 2651/753/446 2652/750/446
f 2656/583/448 2653/754/447 2654/752/447
f 2658/755/449 2655/585/448 2656/583/448
f 2660/606/450 2657/756/449 2658/755/449
f 2662/757/451 2659/9/450 2660/606/450
f 2664/584/452 2661/758/451 2662/757/451
f 2666/759/453 2663/587/452 2664/584/452
f 2668/760/454 2665/761/453 2666/759/453
f 2670/762/455 2667/763/454 2668/760/454
f 2672/586/456 2669/764/455 2670/762/455
f 2674/765/457 2671/5/456 2672/586/456
f 2676/766/458 2673/767/457 2674/765/457
f 2678/768/459 2675/769/458 2676/766/458
f 2680/588/460 2677/770/459 2678/768/459
f 2682/771/461 2679/167/460 2680/588/460
f 2684/621/462 2681/772/461 2682/771/461
f 2686/773/463 2683/43/464 2684/621/462
f 2688/589/465 2685/774/466 2686/773/463
f 2690/775/467 2687/590/465 2688/589/465
f 2692/776/468 2689/777/467 2690/775/467
f 2694/778/469 2691/779/468 2692/776/468
f 2696/464/470 2693/780/469 2694/778/469
f 2698/781/471 2695/53/470 2696/464/470
f 2700/782/472 2697/783/471 2698/781/471
f 2702/784/473 2699/785/472 2700/782/472
f 2704/591/474 2701/786/473 2702/784/473
f 2706/787/475 2703/593/476 2704/591/474
f 2708/635/477 2705/788/475 2706/787/475
f 2710/789/478 2707/42/477 2708/635/477
f 2712/592/479 2709/790/478 2710/789/478
f 2714/791/480 2711/176/479 2712/592/479
f 2716/792/481 2713/793/480 2714/791/480
f 2718/794/482 2715/795/481 2716/792/481
f 2720/594/483 2717/796/482 2718/794/482
f 2722/797/484 2719/36/483 2720/594/483
f 2724/798/485 2721/799/484 2722/797/484
f 2726/800/486 2723/801/485 2724/798/485
f 2728/595/487 2725/802/486 2726/800/486
f 2730/803/488 2727/597/487 2728/595/487
f 2732/649/489 2729/804/488 2730/803/488
f 2734/805/490 2731/29/489 2732/649/489
f 2736/596/491 2733/806/490 2734/805/490
f 2738/807/492 2735/598/491 2736/596/491
f 2740/808/493 2737/809/492 2738/807/492
f 2742/810/494 2739/811/493 2740/808/493
f 2648/537/445 2741/812/494 2742/810/494
f 2746/749/495 2743/24/496 2744/393/497
f 2748/750/498 2745/751/495 2746/749/495
f 2750/752/499 2747/753/498 2748/750/498
f 2752/583/500 2749/754/499 2750/752/499
f 2754/755/501 2751/585/500 2752/583/500
f 2756/606/502 2753/756/503 2754/755/501
f 2758/757/504 2755/9/502 2756/606/502
f 2760/584/505 2757/758/504 2758/757/504
f 2762/759/506 2759/587/505 2760/584/505
f 2764/760/507 2761/761/506 2762/759/506
f 2766/762/508 2763/763/507 2764/760/507
f 2768/586/391 2765/764/508 2766/762/508
f 2770/765/509 2767/5/391 2768/586/391
f 2772/766/510 2769/767/509 2770/765/509
f 2774/768/511 2771/769/510 2772/766/510
f 2776/588/512 2773/770/511 2774/768/511
f 2778/771/513 2775/167/512 2776/588/512
f 2780/621/514 2777/772/513 2778/771/513
f 2782/773/515 2779/43/514 2780/621/514
f 2784/589/516 2781/774/515 2782/773/515
f 2786/775/517 2783/590/516 2784/589/516
f 2788/776/518 2785/777/519 2786/775/517
f 2790/778/520 2787/779/518 2788/776/518
f 2792/464/521 2789/780/520 2790/778/520
f 2794/781/522 2791/53/521 2792/464/521
f 2796/782/523 2793/783/524 2794/781/522
f 2798/784/525 2795/785/523 2796/782/523
f 2800/591/526 2797/786/525 2798/784/525
f 2802/787/527 2799/593/526 2800/591/526
f 2804/635/528 2801/788/527 2802/787/527
f 2806/789/529 2803/42/530 2804/635/528
f 2808/592/531 2805/790/529 2806/789/529
f 2810/791/532 2807/176/531 2808/592/531
f 2812/792/533 2809/793/532 2810/791/532
f 2814/794/534 2811/795/533 2812/792/533
f 2816/594/535 2813/796/534 2814/794/534
f 2818/797/536 2815/36/535 2816/594/535
f 2820/798/537 2817/799/536 2818/797/536
f 2822/800/538 2819/801/537 2820/798/537
f 2824/595/539 2821/802/538 2822/800/538
f 2826/803/540 2823/597/539 2824/595/539
f 2828/649/541 2825/804/540 2826/803/540
f 2830/805/542 2827/29/541 2828/649/541
f 2832/596/543 2829/806/542 2830/805/542
f 2834/807/544 2831/598/543 2832/596/543
f 2836/808/545 2833/809/544 2834/807/544
f 2838/810/546 2835/811/545 2836/808/545
f 2744/537/497 2837/812/546 2838/810/546
f 2842/713/203 2839/24/204 2840/393/204
f 2844/714/547 2841/204/203 2842/713/203
f 2846/660/548 2843/207/205 2844/714/547
f 2848/715/207 2845/137/206 2846/660/548
f 2850/716/208 2847/208/549 2848/715/207
f 2852/663/209 2849/209/208 2850/716/208
f 2854/717/210 2851/150/209 2852/663/209
f 2856/718/550 2853/211/210 2854/717/210
f 2858/666/212 2855/215/211 2856/718/550
f 2860/719/213 2857/143/212 2858/666/212
f 2862/720/214 2859/219/213 2860/719/213
f 2864/669/215 2861/220/214 2862/720/214
f 2866/721/216 2863/117/215 2864/669/215
f 2868/722/217 2865/222/216 2866/721/216
f 2870/672/218 2867/224/217 2868/722/217
f 2872/723/219 2869/95/218 2870/672/218
f 2874/724/220 2871/225/219 2872/723/219
f 2876/675/221 2873/223/220 2874/724/220
f 2878/588/222 2875/68/551 2876/675/221
f 2880/725/223 2877/167/222 2878/588/222
f 2882/678/224 2879/221/223 2880/725/223
f 2884/726/225 2881/60/224 2882/678/224
f 2886/727/226 2883/218/225 2884/726/225
f 2888/681/227 2885/217/226 2886/727/226
f 2890/728/161 2887/67/227 2888/681/227
f 2892/729/123 2889/214/161 2890/728/161
f 2894/684/228 2891/212/123 2892/729/123
f 2896/730/229 2893/94/228 2894/684/228
f 2898/731/552 2895/213/229 2896/730/229
f 2900/686/231 2897/228/230 2898/731/552
f 2902/732/232 2899/114/553 2900/686/231
f 2904/733/233 2901/230/232 2902/732/232
f 2906/688/554 2903/232/233 2904/733/233
f 2908/734/235 2905/130/234 2906/688/554
f 2910/735/236 2907/233/235 2908/734/235
f 2912/691/237 2909/234/236 2910/735/236
f 2914/736/238 2911/139/237 2912/691/237
f 2916/592/239 2913/236/238 2914/736/238
f 2918/694/240 2915/176/239 2916/592/239
f 2920/737/241 2917/125/240 2918/694/240
f 2922/738/242 2919/237/241 2920/737/241
f 2924/697/243 2921/235/242 2922/738/242
f 2926/739/244 2923/109/243 2924/697/243
f 2928/740/245 2925/231/244 2926/739/244
f 2930/700/246 2927/229/245 2928/740/245
f 2932/741/247 2929/93/246 2930/700/246
f 2934/742/248 2931/227/555 2932/741/247
f 2936/703/249 2933/226/248 2934/742/248
f 2938/743/250 2935/79/249 2936/703/249
f 2940/744/251 2937/216/250 2938/743/250
f 2942/706/252 2939/210/251 2940/744/251
f 2944/745/161 2941/76/556 2942/706/252
f 2946/746/123 2943/206/161 2944/745/161
f 2948/709/122 2945/205/123 2946/746/123
f 2950/747/253 2947/90/122 2948/709/122
f 2952/748/253 2949/202/253 2950/747/253
f 2840/537/204 2951/203/253 2952/748/253
f 1480/392/3 1479/395/3 1477/24/4
f 1482/394/5 1481/397/5 1479/395/3
f 1484/396/6 1483/399/6 1481/397/5
f 1486/398/7 1485/401/7 1483/399/6
f 1488/400/8 1487/403/8 1485/401/7
f 1490/402/9 1489/405/9 1487/403/8
f 1492/404/10 1491/407/10 1489/405/9
f 1494/406/11 1493/409/11 1491/407/10
f 1496/408/12 1495/411/12 1493/409/11
f 1498/410/13 1497/413/13 1495/411/12
f 1500/412/14 1499/415/14 1497/413/13
f 1502/414/15 1501/417/15 1499/415/14
f 1504/416/16 1503/419/16 1501/417/15
f 1506/418/17 1505/421/17 1503/419/16
f 1508/420/18 1507/423/18 1505/421/17
f 1510/422/19 1509/425/19 1507/423/18
f 1512/424/20 1511/427/22 1509/425/19
f 1514/426/21 1513/429/21 1511/427/22
f 1516/428/23 1515/431/23 1513/429/21
f 1518/430/24 1517/433/24 1515/431/23
f 1520/432/25 1519/435/25 1517/433/24
f 1522/434/26 1521/437/26 1519/435/25
f 1524/436/27 1523/439/27 1521/437/26
f 1526/438/28 1525/441/28 1523/439/27
f 1528/440/29 1527/443/29 1525/441/28
f 1530/442/30 1529/445/30 1527/443/29
f 1532/444/31 1531/447/31 1529/445/30
f 1534/446/32 1533/449/32 1531/447/31
f 1536/448/33 1535/451/35 1533/449/32
f 1538/450/34 1537/453/34 1535/451/35
f 1540/452/36 1539/455/36 1537/453/34
f 1542/454/37 1541/457/37 1539/455/36
f 1544/456/38 1543/459/38 1541/457/37
f 1546/458/39 1545/461/39 1543/459/38
f 1548/460/40 1547/463/40 1545/461/39
f 1550/462/41 1549/465/41 1547/463/40
f 1552/464/42 1551/53/42 1549/465/41
f 1554/466/43 1553/468/43 1551/53/42
f 1556/467/44 1555/470/46 1553/468/43
f 1558/469/45 1557/472/45 1555/470/46
f 1560/471/47 1559/474/47 1557/472/45
f 1562/473/48 1561/476/48 1559/474/47
f 1564/475/49 1563/478/49 1561/476/48
f 1566/477/50 1565/480/50 1563/478/49
f 1568/479/51 1567/482/51 1565/480/50
f 1570/481/52 1569/484/52 1567/482/51
f 1572/483/53 1571/486/53 1569/484/52
f 1574/485/54 1573/488/54 1571/486/53
f 1576/487/55 1575/490/55 1573/488/54
f 1578/489/56 1577/492/56 1575/490/55
f 1580/491/57 1579/494/57 1577/492/56
f 1582/493/58 1581/496/58 1579/494/57
f 1584/495/59 1583/498/59 1581/496/58
f 1586/497/60 1585/500/60 1583/498/59
f 1588/499/61 1587/502/61 1585/500/60
f 1590/501/62 1589/504/62 1587/502/61
f 1592/503/63 1591/506/63 1589/504/62
f 1594/505/64 1593/508/64 1591/506/63
f 1596/507/65 1595/510/65 1593/508/64
f 1598/509/66 1597/512/66 1595/510/65
f 1600/511/67 1599/514/67 1597/512/66
f 1602/513/68 1601/516/68 1599/514/67
f 1604/515/69 1603/518/69 1601/516/68
f 1606/517/70 1605/520/70 1603/518/69
f 1608/519/71 1607/522/71 1605/520/70
f 1610/521/72 1609/524/72 1607/522/71
f 1612/523/73 1611/526/73 1609/524/72
f 1614/525/74 1613/528/74 1611/526/73
f 1616/527/75 1615/530/75 1613/528/74
f 1618/529/76 1617/532/76 1615/530/75
f 1620/531/77 1619/534/77 1617/532/76
f 1622/533/78 1621/536/78 1619/534/77
f 1624/535/79 1623/538/79 1621/536/78
f 1478/537/4 1477/13/4 1623/538/79
f 1628/539/80 1627/541/83 1625/24/81
f 1630/540/82 1629/543/82 1627/541/83
f 1632/542/84 1631/545/84 1629/543/82
f 1634/544/85 1633/547/85 1631/545/84
f 1636/546/86 1635/122/86 1633/547/85
f 1638/548/87 1637/550/87 1635/122/86
f 1640/549/88 1639/552/90 1637/550/87
f 1642/551/89 1641/554/89 1639/552/90
f 1644/553/91 1643/556/91 1641/554/89
f 1646/555/92 1645/63/92 1643/556/91
f 1648/557/93 1647/559/93 1645/63/92
f 1650/558/94 1649/561/94 1647/559/93
f 1652/560/95 1651/563/95 1649/561/94
f 1654/562/96 1653/565/96 1651/563/95
f 1656/564/97 1655/134/97 1653/565/96
f 1658/566/98 1657/568/98 1655/134/97
f 1660/567/99 1659/570/99 1657/568/98
f 1662/569/100 1661/572/102 1659/570/99
f 1664/571/101 1663/574/101 1661/572/102
f 1666/573/103 1665/91/103 1663/574/101
f 1668/575/104 1667/577/104 1665/91/103
f 1670/576/105 1669/579/105 1667/577/104
f 1672/578/106 1671/581/106 1669/579/105
f 1674/580/107 1673/582/107 1671/581/106
f 1626/537/81 1625/13/81 1673/582/107
f 1678/583/108 1677/585/108 1675/24/109
f 1680/584/110 1679/587/110 1677/585/108
f 1682/586/111 1681/5/111 1679/587/110
f 1684/588/112 1683/167/114 1681/5/111
f 1686/589/113 1685/590/113 1683/167/114
f 1688/464/115 1687/53/115 1685/590/113
f 1690/591/116 1689/593/116 1687/53/115
f 1692/592/117 1691/176/119 1689/593/116
f 1694/594/118 1693/36/118 1691/176/119
f 1696/595/120 1695/597/120 1693/36/118
f 1698/596/121 1697/598/121 1695/597/120
f 1676/537/109 1675/13/109 1697/598/121
f 1702/599/122 1701/601/122 1699/24/123
f 1704/600/124 1703/603/124 1701/601/122
f 1706/602/125 1705/605/125 1703/603/124
f 1708/604/126 1707/607/126 1705/605/125
f 1710/606/127 1709/9/127 1707/607/126
f 1712/608/128 1711/610/128 1709/9/127
f 1714/609/129 1713/611/129 1711/610/128
f 1716/546/130 1715/122/130 1713/611/129
f 1718/612/131 1717/613/131 1715/122/130
f 1720/586/132 1719/5/132 1717/613/131
f 1722/614/133 1721/616/133 1719/5/132
f 1724/615/134 1723/618/134 1721/616/133
f 1726/617/135 1725/620/135 1723/618/134
f 1728/619/136 1727/622/136 1725/620/135
f 1730/621/137 1729/43/137 1727/622/136
f 1732/555/138 1731/63/138 1729/43/137
f 1734/623/139 1733/625/139 1731/63/138
f 1736/624/140 1735/627/140 1733/625/139
f 1738/626/141 1737/628/141 1735/627/140
f 1740/464/142 1739/53/142 1737/628/141
f 1742/629/143 1741/631/143 1739/53/142
f 1744/630/144 1743/633/144 1741/631/143
f 1746/632/145 1745/634/145 1743/633/144
f 1748/564/146 1747/134/146 1745/634/145
f 1750/635/147 1749/42/147 1747/134/146
f 1752/636/148 1751/638/148 1749/42/147
f 1754/637/149 1753/640/149 1751/638/148
f 1756/639/150 1755/642/150 1753/640/149
f 1758/641/151 1757/643/151 1755/642/150
f 1760/594/152 1759/36/152 1757/643/151
f 1762/644/153 1761/645/153 1759/36/152
f 1764/573/154 1763/91/154 1761/645/153
f 1766/646/155 1765/648/155 1763/91/154
f 1768/647/156 1767/650/156 1765/648/155
f 1770/649/157 1769/29/157 1767/650/156
f 1772/651/158 1771/653/158 1769/29/157
f 1774/652/159 1773/655/159 1771/653/158
f 1776/654/160 1775/657/160 1773/655/159
f 1778/656/161 1777/658/161 1775/657/160
f 1700/537/123 1699/13/123 1777/658/161
f 1782/659/162 1781/661/162 1779/24/163
f 1784/660/164 1783/137/164 1781/661/162
f 1786/662/165 1785/664/165 1783/137/164
f 1788/663/166 1787/150/166 1785/664/165
f 1790/665/167 1789/667/167 1787/150/166
f 1792/666/168 1791/143/168 1789/667/167
f 1794/668/169 1793/670/169 1791/143/168
f 1796/669/170 1795/117/170 1793/670/169
f 1798/671/171 1797/673/171 1795/117/170
f 1800/672/172 1799/95/172 1797/673/171
f 1802/674/173 1801/676/173 1799/95/172
f 1804/675/174 1803/68/176 1801/676/173
f 1806/677/175 1805/679/175 1803/68/176
f 1808/678/177 1807/60/177 1805/679/175
f 1810/680/178 1809/682/178 1807/60/177
f 1812/681/179 1811/67/179 1809/682/178
f 1814/683/180 1813/685/180 1811/67/179
f 1816/684/181 1815/94/181 1813/685/180
f 1818/464/182 1817/53/182 1815/94/181
f 1820/686/183 1819/114/183 1817/53/182
f 1822/687/184 1821/689/184 1819/114/183
f 1824/688/185 1823/130/185 1821/689/184
f 1826/690/186 1825/692/188 1823/130/185
f 1828/691/187 1827/139/190 1825/692/188
f 1830/693/189 1829/695/189 1827/139/190
f 1832/694/191 1831/125/193 1829/695/189
f 1834/696/192 1833/698/192 1831/125/193
f 1836/697/194 1835/109/194 1833/698/192
f 1838/699/195 1837/701/195 1835/109/194
f 1840/700/196 1839/93/196 1837/701/195
f 1842/702/197 1841/704/197 1839/93/196
f 1844/703/198 1843/79/198 1841/704/197
f 1846/705/199 1845/707/199 1843/79/198
f 1848/706/200 1847/76/200 1845/707/199
f 1850/708/201 1849/710/201 1847/76/200
f 1852/709/161 1851/90/161 1849/710/201
f 1854/711/202 1853/712/202 1851/90/161
f 1780/537/163 1779/13/163 1853/712/202
f 1858/392/3 1857/395/3 1855/24/4
f 1860/394/5 1859/397/5 1857/395/3
f 1862/396/6 1861/399/6 1859/397/5
f 1864/398/7 1863/401/7 1861/399/6
f 1866/400/8 1865/403/8 1863/401/7
f 1868/402/9 1867/405/9 1865/403/8
f 1870/404/10 1869/407/10 1867/405/9
f 1872/406/11 1871/409/11 1869/407/10
f 1874/408/12 1873/411/12 1871/409/11
f 1876/410/13 1875/413/13 1873/411/12
f 1878/412/14 1877/415/14 1875/413/13
f 1880/414/15 1879/417/15 1877/415/14
f 1882/416/16 1881/419/16 1879/417/15
f 1884/418/17 1883/421/17 1881/419/16
f 1886/420/18 1885/423/18 1883/421/17
f 1888/422/19 1887/425/19 1885/423/18
f 1890/424/22 1889/427/22 1887/425/19
f 1892/426/21 1891/429/21 1889/427/22
f 1894/428/23 1893/431/23 1891/429/21
f 1896/430/24 1895/433/24 1893/431/23
f 1898/432/25 1897/435/25 1895/433/24
f 1900/434/26 1899/437/26 1897/435/25
f 1902/436/27 1901/439/27 1899/437/26
f 1904/438/28 1903/441/28 1901/439/27
f 1906/440/29 1905/443/29 1903/441/28
f 1908/442/30 1907/445/30 1905/443/29
f 1910/444/31 1909/447/31 1907/445/30
f 1912/446/32 1911/449/32 1909/447/31
f 1914/448/35 1913/451/35 1911/449/32
f 1916/450/34 1915/453/34 1913/451/35
f 1918/452/36 1917/455/36 1915/453/34
f 1920/454/37 1919/457/37 1917/455/36
f 1922/456/38 1921/459/38 1919/457/37
f 1924/458/39 1923/461/39 1921/459/38
f 1926/460/40 1925/463/40 1923/461/39
f 1928/462/41 1927/465/41 1925/463/40
f 1930/464/42 1929/53/42 1927/465/41
f 1932/466/43 1931/468/43 1929/53/42
f 1934/467/46 1933/470/46 1931/468/43
f 1936/469/45 1935/472/45 1933/470/46
f 1938/471/47 1937/474/47 1935/472/45
f 1940/473/48 1939/476/48 1937/474/47
f 1942/475/49 1941/478/49 1939/476/48
f 1944/477/50 1943/480/50 1941/478/49
f 1946/479/51 1945/482/51 1943/480/50
f 1948/481/52 1947/484/52 1945/482/51
f 1950/483/53 1949/486/53 1947/484/52
f 1952/485/54 1951/488/54 1949/486/53
f 1954/487/55 1953/490/55 1951/488/54
f 1956/489/56 1955/492/56 1953/490/55
f 1958/491/57 1957/494/57 1955/492/56
f 1960/493/58 1959/496/58 1957/494/57
f 1962/495/59 1961/498/59 1959/496/58
f 1964/497/60 1963/500/60 1961/498/59
f 1966/499/61 1965/502/61 1963/500/60
f 1968/501/62 1967/504/62 1965/502/61
f 1970/503/63 1969/506/63 1967/504/62
f 1972/505/64 1971/508/64 1969/506/63
f 1974/507/65 1973/510/65 1971/508/64
f 1976/509/66 1975/512/66 1973/510/65
f 1978/511/67 1977/514/67 1975/512/66
f 1980/513/68 1979/516/68 1977/514/67
f 1982/515/69 1981/518/69 1979/516/68
f 1984/517/70 1983/520/70 1981/518/69
f 1986/519/71 1985/522/71 1983/520/70
f 1988/521/72 1987/524/72 1985/522/71
f 1990/523/73 1989/526/73 1987/524/72
f 1992/525/74 1991/528/74 1989/526/73
f 1994/527/75 1993/530/75 1991/528/74
f 1996/529/76 1995/532/76 1993/530/75
f 1998/531/77 1997/534/77 1995/532/76
f 2000/533/78 1999/536/78 1997/534/77
f 2002/535/79 2001/538/79 1999/536/78
f 1856/537/4 1855/13/4 2001/538/79
f 2006/539/80 2005/541/83 2003/24/81
f 2008/540/82 2007/543/82 2005/541/83
f 2010/542/84 2009/545/84 2007/543/82
f 2012/544/85 2011/547/85 2009/545/84
f 2014/546/86 2013/122/86 2011/547/85
f 2016/548/87 2015/550/87 2013/122/86
f 2018/549/88 2017/552/90 2015/550/87
f 2020/551/89 2019/554/89 2017/552/90
f 2022/553/91 2021/556/91 2019/554/89
f 2024/555/92 2023/63/92 2021/556/91
f 2026/557/93 2025/559/93 2023/63/92
f 2028/558/94 2027/561/94 2025/559/93
f 2030/560/95 2029/563/95 2027/561/94
f 2032/562/96 2031/565/96 2029/563/95
f 2034/564/97 2033/134/97 2031/565/96
f 2036/566/98 2035/568/98 2033/134/97
f 2038/567/99 2037/570/99 2035/568/98
f 2040/569/102 2039/572/100 2037/570/99
f 2042/571/101 2041/574/101 2039/572/100
f 2044/573/103 2043/91/103 2041/574/101
f 2046/575/104 2045/577/104 2043/91/103
f 2048/576/105 2047/579/105 2045/577/104
f 2050/578/106 2049/581/106 2047/579/105
f 2052/580/107 2051/582/107 2049/581/106
f 2004/537/81 2003/13/81 2051/582/107
f 2056/713/203 2055/204/203 2053/24/204
f 2058/714/205 2057/207/205 2055/204/203
f 2060/660/206 2059/137/206 2057/207/205
f 2062/715/207 2061/208/207 2059/137/206
f 2064/716/208 2063/209/208 2061/208/207
f 2066/663/209 2065/150/209 2063/209/208
f 2068/717/210 2067/211/210 2065/150/209
f 2070/718/211 2069/215/211 2067/211/210
f 2072/666/212 2071/143/212 2069/215/211
f 2074/719/213 2073/219/213 2071/143/212
f 2076/720/214 2075/220/214 2073/219/213
f 2078/669/215 2077/117/215 2075/220/214
f 2080/721/216 2079/222/216 2077/117/215
f 2082/722/217 2081/224/217 2079/222/216
f 2084/672/218 2083/95/218 2081/224/217
f 2086/723/219 2085/225/219 2083/95/218
f 2088/724/220 2087/223/220 2085/225/219
f 2090/675/221 2089/68/221 2087/223/220
f 2092/588/222 2091/167/222 2089/68/221
f 2094/725/223 2093/221/223 2091/167/222
f 2096/678/224 2095/60/224 2093/221/223
f 2098/726/225 2097/218/225 2095/60/224
f 2100/727/226 2099/217/226 2097/218/225
f 2102/681/227 2101/67/227 2099/217/226
f 2104/728/161 2103/214/161 2101/67/227
f 2106/729/123 2105/212/123 2103/214/161
f 2108/684/228 2107/94/228 2105/212/123
f 2110/730/229 2109/213/229 2107/94/228
f 2112/731/230 2111/228/230 2109/213/229
f 2114/686/231 2113/114/231 2111/228/230
f 2116/732/232 2115/230/232 2113/114/231
f 2118/733/233 2117/232/233 2115/230/232
f 2120/688/234 2119/130/234 2117/232/233
f 2122/734/235 2121/233/235 2119/130/234
f 2124/735/236 2123/234/236 2121/233/235
f 2126/691/237 2125/139/237 2123/234/236
f 2128/736/238 2127/236/238 2125/139/237
f 2130/592/239 2129/176/239 2127/236/238
f 2132/694/240 2131/125/240 2129/176/239
f 2134/737/241 2133/237/241 2131/125/240
f 2136/738/242 2135/235/242 2133/237/241
f 2138/697/243 2137/109/243 2135/235/242
f 2140/739/244 2139/231/244 2137/109/243
f 2142/740/245 2141/229/245 2139/231/244
f 2144/700/246 2143/93/246 2141/229/245
f 2146/741/247 2145/227/247 2143/93/246
f 2148/742/248 2147/226/248 2145/227/247
f 2150/703/249 2149/79/249 2147/226/248
f 2152/743/250 2151/216/250 2149/79/249
f 2154/744/251 2153/210/251 2151/216/250
f 2156/706/252 2155/76/252 2153/210/251
f 2158/745/161 2157/206/161 2155/76/252
f 2160/746/123 2159/205/123 2157/206/161
f 2162/709/122 2161/90/122 2159/205/123
f 2164/747/253 2163/202/253 2161/90/122
f 2166/748/253 2165/203/253 2163/202/253
f 2054/537/204 2053/13/204 2165/203/253
f 2170/599/254 2169/601/254 2167/24/255
f 2172/600/256 2171/603/256 2169/601/254
f 2174/602/257 2173/605/257 2171/603/256
f 2176/604/258 2175/607/258 2173/605/257
f 2178/606/259 2177/9/259 2175/607/258
f 2180/608/260 2179/610/260 2177/9/259
f 2182/609/261 2181/611/261 2179/610/260
f 2184/546/262 2183/122/262 2181/611/261
f 2186/612/263 2185/613/263 2183/122/262
f 2188/586/264 2187/5/264 2185/613/263
f 2190/614/265 2189/616/265 2187/5/264
f 2192/615/266 2191/618/266 2189/616/265
f 2194/617/267 2193/620/267 2191/618/266
f 2196/619/268 2195/622/268 2193/620/267
f 2198/621/269 2197/43/269 2195/622/268
f 2200/555/270 2199/63/270 2197/43/269
f 2202/623/271 2201/625/271 2199/63/270
f 2204/624/272 2203/627/272 2201/625/271
f 2206/626/273 2205/628/273 2203/627/272
f 2208/464/274 2207/53/274 2205/628/273
f 2210/629/275 2209/631/275 2207/53/274
f 2212/630/276 2211/633/276 2209/631/275
f 2214/632/277 2213/634/277 2211/633/276
f 2216/564/278 2215/134/278 2213/634/277
f 2218/635/279 2217/42/279 2215/134/278
f 2220/636/280 2219/638/280 2217/42/279
f 2222/637/281 2221/640/281 2219/638/280
f 2224/639/282 2223/642/282 2221/640/281
f 2226/641/283 2225/643/283 2223/642/282
f 2228/594/284 2227/36/284 2225/643/283
f 2230/644/285 2229/645/285 2227/36/284
f 2232/573/286 2231/91/286 2229/645/285
f 2234/646/287 2233/648/287 2231/91/286
f 2236/647/288 2235/650/288 2233/648/287
f 2238/649/289 2237/29/289 2235/650/288
f 2240/651/290 2239/653/290 2237/29/289
f 2242/652/122 2241/655/122 2239/653/290
f 2244/654/253 2243/657/253 2241/655/122
f 2246/656/161 2245/658/161 2243/657/253
f 2168/537/255 2167/13/255 2245/658/161
f 2250/659/291 2249/661/291 2247/24/292
f 2252/660/293 2251/137/293 2249/661/291
f 2254/662/294 2253/664/294 2251/137/293
f 2256/663/295 2255/150/295 2253/664/294
f 2258/665/296 2257/667/296 2255/150/295
f 2260/666/297 2259/143/297 2257/667/296
f 2262/668/298 2261/670/298 2259/143/297
f 2264/669/299 2263/117/299 2261/670/298
f 2266/671/300 2265/673/300 2263/117/299
f 2268/672/301 2267/95/301 2265/673/300
f 2270/674/302 2269/676/302 2267/95/301
f 2272/675/303 2271/68/303 2269/676/302
f 2274/677/304 2273/679/304 2271/68/303
f 2276/678/305 2275/60/305 2273/679/304
f 2278/680/306 2277/682/306 2275/60/305
f 2280/681/307 2279/67/307 2277/682/306
f 2282/683/308 2281/685/308 2279/67/307
f 2284/684/309 2283/94/309 2281/685/308
f 2286/464/310 2285/53/310 2283/94/309
f 2288/686/311 2287/114/311 2285/53/310
f 2290/687/312 2289/689/312 2287/114/311
f 2292/688/313 2291/130/313 2289/689/312
f 2294/690/314 2293/692/314 2291/130/313
f 2296/691/315 2295/139/315 2293/692/314
f 2298/693/316 2297/695/316 2295/139/315
f 2300/694/317 2299/125/317 2297/695/316
f 2302/696/318 2301/698/318 2299/125/317
f 2304/697/319 2303/109/319 2301/698/318
f 2306/699/320 2305/701/320 2303/109/319
f 2308/700/321 2307/93/321 2305/701/320
f 2310/702/322 2309/704/322 2307/93/321
f 2312/703/323 2311/79/323 2309/704/322
f 2314/705/324 2313/707/324 2311/79/323
f 2316/706/325 2315/76/325 2313/707/324
f 2318/708/326 2317/710/326 2315/76/325
f 2320/709/122 2319/90/122 2317/710/326
f 2322/711/327 2321/712/327 2319/90/122
f 2248/537/292 2247/13/292 2321/712/327
f 2326/586/122 2325/5/122 2323/24/123
f 2328/464/253 2327/53/253 2325/5/122
f 2330/594/161 2329/36/161 2327/53/253
f 2324/537/123 2323/13/123 2329/36/161
f 2334/749/328 2333/751/328 2331/24/329
f 2336/750/330 2335/753/330 2333/751/328
f 2338/752/331 2337/754/331 2335/753/330
f 2340/583/332 2339/585/332 2337/754/331
f 2342/755/123 2341/756/123 2339/585/332
f 2344/606/333 2343/9/333 2341/756/123
f 2346/757/334 2345/758/334 2343/9/333
f 2348/584/335 2347/587/335 2345/758/334
f 2350/759/336 2349/761/336 2347/587/335
f 2352/760/337 2351/763/337 2349/761/336
f 2354/762/338 2353/764/338 2351/763/337
f 2356/586/339 2355/5/341 2353/764/338
f 2358/765/340 2357/767/340 2355/5/341
f 2360/766/342 2359/769/342 2357/767/340
f 2362/768/343 2361/770/343 2359/769/342
f 2364/588/344 2363/167/344 2361/770/343
f 2366/771/122 2365/772/122 2363/167/344
f 2368/621/345 2367/43/345 2365/772/122
f 2370/773/346 2369/774/346 2367/43/345
f 2372/589/347 2371/590/347 2369/774/346
f 2374/775/348 2373/777/348 2371/590/347
f 2376/776/349 2375/779/349 2373/777/348
f 2378/778/350 2377/780/350 2375/779/349
f 2380/464/351 2379/53/351 2377/780/350
f 2382/781/352 2381/783/352 2379/53/351
f 2384/782/353 2383/785/353 2381/783/352
f 2386/784/354 2385/786/354 2383/785/353
f 2388/591/355 2387/593/355 2385/786/354
f 2390/787/253 2389/788/253 2387/593/355
f 2392/635/356 2391/42/356 2389/788/253
f 2394/789/357 2393/790/359 2391/42/356
f 2396/592/358 2395/176/358 2393/790/359
f 2398/791/360 2397/793/360 2395/176/358
f 2400/792/361 2399/795/361 2397/793/360
f 2402/794/362 2401/796/362 2399/795/361
f 2404/594/363 2403/36/363 2401/796/362
f 2406/797/364 2405/799/364 2403/36/363
f 2408/798/365 2407/801/365 2405/799/364
f 2410/800/366 2409/802/368 2407/801/365
f 2412/595/367 2411/597/367 2409/802/368
f 2414/803/161 2413/804/161 2411/597/367
f 2416/649/369 2415/29/369 2413/804/161
f 2418/805/370 2417/806/370 2415/29/369
f 2420/596/371 2419/598/371 2417/806/370
f 2422/807/372 2421/809/372 2419/598/371
f 2424/808/373 2423/811/373 2421/809/372
f 2426/810/374 2425/812/374 2423/811/373
f 2332/537/329 2331/13/329 2425/812/374
f 2430/813/161 2429/815/161 2427/24/253
f 2432/814/161 2431/817/161 2429/815/161
f 2434/816/375 2433/819/375 2431/817/161
f 2436/818/376 2435/821/376 2433/819/375
f 2438/820/377 2437/823/377 2435/821/376
f 2440/822/378 2439/825/380 2437/823/377
f 2442/824/379 2441/827/379 2439/825/380
f 2444/826/381 2443/829/381 2441/827/379
f 2446/828/382 2445/831/382 2443/829/381
f 2448/830/383 2447/833/383 2445/831/382
f 2450/832/384 2449/835/384 2447/833/383
f 2452/834/385 2451/837/387 2449/835/384
f 2454/836/386 2453/839/386 2451/837/387
f 2456/838/388 2455/841/388 2453/839/386
f 2458/840/389 2457/843/389 2455/841/388
f 2460/842/390 2459/845/390 2457/843/389
f 2462/844/391 2461/847/391 2459/845/390
f 2464/846/392 2463/849/392 2461/847/391
f 2466/848/393 2465/851/395 2463/849/392
f 2468/850/394 2467/853/394 2465/851/395
f 2470/852/396 2469/855/396 2467/853/394
f 2472/854/397 2471/857/397 2469/855/396
f 2474/856/398 2473/859/398 2471/857/397
f 2476/858/399 2475/861/399 2473/859/398
f 2478/860/400 2477/863/400 2475/861/399
f 2480/862/401 2479/865/401 2477/863/400
f 2482/864/402 2481/867/402 2479/865/401
f 2484/866/403 2483/868/403 2481/867/402
f 2486/464/404 2485/53/404 2483/868/403
f 2488/869/405 2487/871/405 2485/53/404
f 2490/870/406 2489/873/406 2487/871/405
f 2492/872/407 2491/875/407 2489/873/406
f 2494/874/408 2493/877/408 2491/875/407
f 2496/876/409 2495/879/409 2493/877/408
f 2498/878/410 2497/881/410 2495/879/409
f 2500/880/411 2499/883/411 2497/881/410
f 2502/882/412 2501/885/412 2499/883/411
f 2504/884/413 2503/887/413 2501/885/412
f 2506/886/414 2505/889/414 2503/887/413
f 2508/888/415 2507/891/415 2505/889/414
f 2510/890/416 2509/893/416 2507/891/415
f 2512/892/417 2511/895/417 2509/893/416
f 2514/894/418 2513/897/418 2511/895/417
f 2516/896/419 2515/899/419 2513/897/418
f 2518/898/420 2517/901/420 2515/899/419
f 2520/900/421 2519/903/421 2517/901/420
f 2522/902/422 2521/905/422 2519/903/421
f 2524/904/423 2523/907/423 2521/905/422
f 2526/906/424 2525/909/424 2523/907/423
f 2528/908/425 2527/911/425 2525/909/424
f 2530/910/426 2529/913/426 2527/911/425
f 2532/912/427 2531/915/427 2529/913/426
f 2534/914/123 2533/917/123 2531/915/427
f 2536/916/123 2535/919/123 2533/917/123
f 2538/918/428 2537/921/428 2535/919/123
f 2540/920/429 2539/923/430 2537/921/428
f 2542/922/253 2541/924/253 2539/923/430
f 2428/537/253 2427/13/253 2541/924/253
f 2546/586/122 2545/5/122 2543/24/123
f 2548/464/253 2547/53/253 2545/5/122
f 2550/594/161 2549/36/161 2547/53/253
f 2544/537/123 2543/13/123 2549/36/161
f 2554/749/328 2553/751/328 2551/24/329
f 2556/750/330 2555/753/330 2553/751/328
f 2558/752/331 2557/754/431 2555/753/330
f 2560/583/332 2559/585/332 2557/754/431
f 2562/755/123 2561/756/123 2559/585/332
f 2564/606/333 2563/9/333 2561/756/123
f 2566/757/432 2565/758/432 2563/9/333
f 2568/584/335 2567/587/335 2565/758/432
f 2570/759/433 2569/761/336 2567/587/335
f 2572/760/434 2571/763/337 2569/761/336
f 2574/762/338 2573/764/338 2571/763/337
f 2576/586/341 2575/5/339 2573/764/338
f 2578/765/435 2577/767/340 2575/5/339
f 2580/766/342 2579/769/342 2577/767/340
f 2582/768/343 2581/770/436 2579/769/342
f 2584/588/344 2583/167/344 2581/770/436
f 2586/771/122 2585/772/122 2583/167/344
f 2588/621/345 2587/43/345 2585/772/122
f 2590/773/346 2589/774/437 2587/43/345
f 2592/589/347 2591/590/347 2589/774/437
f 2594/775/348 2593/777/348 2591/590/347
f 2596/776/349 2595/779/349 2593/777/348
f 2598/778/350 2597/780/350 2595/779/349
f 2600/464/351 2599/53/351 2597/780/350
f 2602/781/352 2601/783/352 2599/53/351
f 2604/782/353 2603/785/353 2601/783/352
f 2606/784/354 2605/786/438 2603/785/353
f 2608/591/355 2607/593/355 2605/786/438
f 2610/787/253 2609/788/253 2607/593/355
f 2612/635/356 2611/42/356 2609/788/253
f 2614/789/359 2613/790/359 2611/42/356
f 2616/592/358 2615/176/358 2613/790/359
f 2618/791/439 2617/793/360 2615/176/358
f 2620/792/440 2619/795/361 2617/793/360
f 2622/794/362 2621/796/362 2619/795/361
f 2624/594/363 2623/36/442 2621/796/362
f 2626/797/441 2625/799/364 2623/36/442
f 2628/798/365 2627/801/365 2625/799/364
f 2630/800/368 2629/802/366 2627/801/365
f 2632/595/367 2631/597/367 2629/802/366
f 2634/803/161 2633/804/161 2631/597/367
f 2636/649/369 2635/29/369 2633/804/161
f 2638/805/370 2637/806/443 2635/29/369
f 2640/596/371 2639/598/371 2637/806/443
f 2642/807/372 2641/809/372 2639/598/371
f 2644/808/373 2643/811/373 2641/809/372
f 2646/810/374 2645/812/374 2643/811/373
f 2552/537/329 2551/13/329 2645/812/374
f 2650/749/444 2649/751/444 2647/24/445
f 2652/750/446 2651/753/446 2649/751/444
f 2654/752/447 2653/754/447 2651/753/446
f 2656/583/448 2655/585/448 2653/754/447
f 2658/755/449 2657/756/449 2655/585/448
f 2660/606/450 2659/9/450 2657/756/449
f 2662/757/451 2661/758/451 2659/9/450
f 2664/584/452 2663/587/452 2661/758/451
f 2666/759/453 2665/761/453 2663/587/452
f 2668/760/454 2667/763/454 2665/761/453
f 2670/762/455 2669/764/455 2667/763/454
f 2672/586/456 2671/5/456 2669/764/455
f 2674/765/457 2673/767/457 2671/5/456
f 2676/766/458 2675/769/458 2673/767/457
f 2678/768/459 2677/770/459 2675/769/458
f 2680/588/460 2679/167/460 2677/770/459
f 2682/771/461 2681/772/461 2679/167/460
f 2684/621/462 2683/43/464 2681/772/461
f 2686/773/463 2685/774/466 2683/43/464
f 2688/589/465 2687/590/465 2685/774/466
f 2690/775/467 2689/777/467 2687/590/465
f 2692/776/468 2691/779/468 2689/777/467
f 2694/778/469 2693/780/469 2691/779/468
f 2696/464/470 2695/53/470 2693/780/469
f 2698/781/471 2697/783/471 2695/53/470
f 2700/782/472 2699/785/472 2697/783/471
f 2702/784/473 2701/786/473 2699/785/472
f 2704/591/474 2703/593/476 2701/786/473
f 2706/787/475 2705/788/475 2703/593/476
f 2708/635/477 2707/42/477 2705/788/475
f 2710/789/478 2709/790/478 2707/42/477
f 2712/592/479 2711/176/479 2709/790/478
f 2714/791/480 2713/793/480 2711/176/479
f 2716/792/481 2715/795/481 2713/793/480
f 2718/794/482 2717/796/482 2715/795/481
f 2720/594/483 2719/36/483 2717/796/482
f 2722/797/484 2721/799/484 2719/36/483
f 2724/798/485 2723/801/485 2721/799/484
f 2726/800/486 2725/802/486 2723/801/485
f 2728/595/487 2727/597/487 2725/802/486
f 2730/803/488 2729/804/488 2727/597/487
f 2732/649/489 2731/29/489 2729/804/488
f 2734/805/490 2733/806/490 2731/29/489
f 2736/596/491 2735/598/491 2733/806/490
f 2738/807/492 2737/809/492 2735/598/491
f 2740/808/493 2739/811/493 2737/809/492
f 2742/810/494 2741/812/494 2739/811/493
f 2648/537/445 2647/13/445 2741/812/494
f 2746/749/495 2745/751/495 2743/24/496
f 2748/750/498 2747/753/498 2745/751/495
f 2750/752/499 2749/754/499 2747/753/498
f 2752/583/500 2751/585/500 2749/754/499
f 2754/755/501 2753/756/503 2751/585/500
f 2756/606/502 2755/9/502 2753/756/503
f 2758/757/504 2757/758/504 2755/9/502
f 2760/584/505 2759/587/505 2757/758/504
f 2762/759/506 2761/761/506 2759/587/505
f 2764/760/507 2763/763/507 2761/761/506
f 2766/762/508 2765/764/508 2763/763/507
f 2768/586/391 2767/5/391 2765/764/508
f 2770/765/509 2769/767/509 2767/5/391
f 2772/766/510 2771/769/510 2769/767/509
f 2774/768/511 2773/770/511 2771/769/510
f 2776/588/512 2775/167/512 2773/770/511
f 2778/771/513 2777/772/513 2775/167/512
f 2780/621/514 2779/43/514 2777/772/513
f 2782/773/515 2781/774/515 2779/43/514
f 2784/589/516 2783/590/516 2781/774/515
f 2786/775/517 2785/777/519 2783/590/516
f 2788/776/518 2787/779/518 2785/777/519
f 2790/778/520 2789/780/520 2787/779/518
f 2792/464/521 2791/53/521 2789/780/520
f 2794/781/522 2793/783/524 2791/53/521
f 2796/782/523 2795/785/523 2793/783/524
f 2798/784/525 2797/786/525 2795/785/523
f 2800/591/526 2799/593/526 2797/786/525
f 2802/787/527 2801/788/527 2799/593/526
f 2804/635/528 2803/42/530 2801/788/527
f 2806/789/529 2805/790/529 2803/42/530
f 2808/592/531 2807/176/531 2805/790/529
f 2810/791/532 2809/793/532 2807/176/531
f 2812/792/533 2811/795/533 2809/793/532
f 2814/794/534 2813/796/534 2811/795/533
f 2816/594/535 2815/36/535 2813/796/534
f 2818/797/536 2817/799/536 2815/36/535
f 2820/798/537 2819/801/537 2817/799/536
f 2822/800/538 2821/802/538 2819/801/537
f 2824/595/539 2823/597/539 2821/802/538
f 2826/803/540 2825/804/540 2823/597/539
f 2828/649/541 2827/29/541 2825/804/540
f 2830/805/542 2829/806/542 2827/29/541
f 2832/596/543 2831/598/543 2829/806/542
f 2834/807/544 2833/809/544 2831/598/543
f 2836/808/545 2835/811/545 2833/809/544
f 2838/810/546 2837/812/546 2835/811/545
f 2744/537/497 2743/13/496 2837/812/546
f 2842/713/203 2841/204/203 2839/24/204
f 2844/714/547 2843/207/205 2841/204/203
f 2846/660/548 2845/137/206 2843/207/205
f 2848/715/207 2847/208/549 2845/137/206
f 2850/716/208 2849/209/208 2847/208/549
f 2852/663/209 2851/150/209 2849/209/208
f 2854/717/210 2853/211/210 2851/150/209
f 2856/718/550 2855/215/211 2853/211/210
f 2858/666/212 2857/143/212 2855/215/211
f 2860/719/213 2859/219/213 2857/143/212
f 2862/720/214 2861/220/214 2859/219/213
f 2864/669/215 2863/117/215 2861/220/214
f 2866/721/216 2865/222/216 2863/117/215
f 2868/722/217 2867/224/217 2865/222/216
f 2870/672/218 2869/95/218 2867/224/217
f 2872/723/219 2871/225/219 2869/95/218
f 2874/724/220 2873/223/220 2871/225/219
f 2876/675/221 2875/68/551 2873/223/220
f 2878/588/222 2877/167/222 2875/68/551
f 2880/725/223 2879/221/223 2877/167/222
f 2882/678/224 2881/60/224 2879/221/223
f 2884/726/225 2883/218/225 2881/60/224
f 2886/727/226 2885/217/226 2883/218/225
f 2888/681/227 2887/67/227 2885/217/226
f 2890/728/161 2889/214/161 2887/67/227
f 2892/729/123 2891/212/123 2889/214/161
f 2894/684/228 2893/94/228 2891/212/123
f 2896/730/229 2895/213/229 2893/94/228
f 2898/731/552 2897/228/230 2895/213/229
f 2900/686/231 2899/114/553 2897/228/230
f 2902/732/232 2901/230/232 2899/114/553
f 2904/733/233 2903/232/233 2901/230/232
f 2906/688/554 2905/130/234 2903/232/233
f 2908/734/235 2907/233/235 2905/130/234
f 2910/735/236 2909/234/236 2907/233/235
f 2912/691/237 2911/139/237 2909/234/236
f 2914/736/238 2913/236/238 2911/139/237
f 2916/592/239 2915/176/239 2913/236/238
f 2918/694/240 2917/125/240 2915/176/239
f 2920/737/241 2919/237/241 2917/125/240
f 2922/738/242 2921/235/242 2919/237/241
f 2924/697/243 2923/109/243 2921/235/242
f 2926/739/244 2925/231/244 2923/109/243
f 2928/740/245 2927/229/245 2925/231/244
f 2930/700/246 2929/93/246 2927/229/245
f 2932/741/247 2931/227/555 2929/93/246
f 2934/742/248 2933/226/248 2931/227/555
f 2936/703/249 2935/79/249 2933/226/248
f 2938/743/250 2937/216/250 2935/79/249
f 2940/744/251 2939/210/251 2937/216/250
f 2942/706/252 2941/76/556 2939/210/251
f 2944/745/161 2943/206/161 2941/76/556
f 2946/746/123 2945/205/123 2943/206/161
f 2948/709/122 2947/90/122 2945/205/123
f 2950/747/253 2949/202/253 2947/90/122
f 2952/748/253 2951/203/253 2949/202/253
f 2840/537/204 2839/13/204 2951/203/253
